section,variable,documented_unit,documented_meaning,documented_access,semantic,fsgap_classification,fsgap_field_or_gap,audit_note,source
"Avionics","L:A22X Master Caution Warning","Bool","Acknowledges master caution/warning alert when set","WRITE_ACTION","EVENT","NOT_RELEVANT","","Write action (acknowledge). FSGAP never writes.","docs.synapticsim.com/pilots/simvars (github.com/synapticsim/docs @4abccfd, 2026-09-25)"
"Avionics","L:A22X Caution PBA","Bool","Whether the master caution annunciator is illuminated","READ","WARNING_INDICATION","MIGRATE_CANDIDATE","GAP G-A1 AircraftAlert (master caution / master warning)","Annunciator illuminated. Needs a new vendor-neutral contract; no current field.","docs.synapticsim.com/pilots/simvars (github.com/synapticsim/docs @4abccfd, 2026-09-25)"
"Avionics","L:A22X Warning PBA","Bool","Whether the master warning annunciator is illuminated","READ","WARNING_INDICATION","MIGRATE_CANDIDATE","GAP G-A1 AircraftAlert (master caution / master warning)","Annunciator illuminated. Needs a new vendor-neutral contract; no current field.","docs.synapticsim.com/pilots/simvars (github.com/synapticsim/docs @4abccfd, 2026-09-25)"
"Avionics","L:A22X Display Tune Inhibit","Bool","Toggles inhibition of display radio tuning when set","WRITE_ACTION","CONTROL_POSITION","NOT_RELEVANT","","Lighting / display control.","docs.synapticsim.com/pilots/simvars (github.com/synapticsim/docs @4abccfd, 2026-09-25)"
"Avionics","L:A22X Display Tune Inhibited","Bool","Whether display radio tuning is currently inhibited","READ","CONTROL_POSITION","NOT_RELEVANT","","Lighting / display control.","docs.synapticsim.com/pilots/simvars (github.com/synapticsim/docs @4abccfd, 2026-09-25)"
"Avionics","L:A22X L Chrono","Bool","Toggles chronometer when set","WRITE_ACTION","CONTROL_POSITION","NOT_RELEVANT","","Lighting / display control.","docs.synapticsim.com/pilots/simvars (github.com/synapticsim/docs @4abccfd, 2026-09-25)"
"Avionics","L:A22X R Chrono","Bool","Toggles chronometer when set","WRITE_ACTION","CONTROL_POSITION","NOT_RELEVANT","","Lighting / display control.","docs.synapticsim.com/pilots/simvars (github.com/synapticsim/docs @4abccfd, 2026-09-25)"
"Brakes","L:A22X Alternate Brake","Bool","Whether the alternate brake system is selected","READ","CONTROL_POSITION","DEFER","","Alternate / reversion control; no consumer need identified.","docs.synapticsim.com/pilots/simvars (github.com/synapticsim/docs @4abccfd, 2026-09-25)"
"Brakes","L:A22X Parking Brake","Bool","Whether the parking brake is commanded on","READ","CONTROL_POSITION","MIGRATE_CANDIDATE","GAP G-B1 LandingGear.ParkingBrakeSet, P1","Commanded on. Stock BRAKE PARKING POSITION is the generic candidate to compare live.","docs.synapticsim.com/pilots/simvars (github.com/synapticsim/docs @4abccfd, 2026-09-25)"
"Brakes","L:A22X Autobrake","Enum","Selected autobrake setting [enum from 0: RTO; OFF; LO; MED; HI; ]","READ","CONTROL_POSITION","APPLICATION_SPECIFIC","","Selector RTO/OFF/LO/MED/HI; a landing analysis may want it. No contract.","docs.synapticsim.com/pilots/simvars (github.com/synapticsim/docs @4abccfd, 2026-09-25)"
"Display Units","L:A22X DU1 Backlight","Percent over 100","Display backlight brightness, from off (0) to full bright (1)","READ","CONTROL_POSITION","NOT_RELEVANT","","Lighting / display control.","docs.synapticsim.com/pilots/simvars (github.com/synapticsim/docs @4abccfd, 2026-09-25)"
"Display Units","L:A22X DU2 Backlight","Percent over 100","Display backlight brightness, from off (0) to full bright (1)","READ","CONTROL_POSITION","NOT_RELEVANT","","Lighting / display control.","docs.synapticsim.com/pilots/simvars (github.com/synapticsim/docs @4abccfd, 2026-09-25)"
"Display Units","L:A22X DU3 Backlight","Percent over 100","Display backlight brightness, from off (0) to full bright (1)","READ","CONTROL_POSITION","NOT_RELEVANT","","Lighting / display control.","docs.synapticsim.com/pilots/simvars (github.com/synapticsim/docs @4abccfd, 2026-09-25)"
"Display Units","L:A22X DU4 Backlight","Percent over 100","Display backlight brightness, from off (0) to full bright (1)","READ","CONTROL_POSITION","NOT_RELEVANT","","Lighting / display control.","docs.synapticsim.com/pilots/simvars (github.com/synapticsim/docs @4abccfd, 2026-09-25)"
"Display Units","L:A22X DU5 Backlight","Percent over 100","Display backlight brightness, from off (0) to full bright (1)","READ","CONTROL_POSITION","NOT_RELEVANT","","Lighting / display control.","docs.synapticsim.com/pilots/simvars (github.com/synapticsim/docs @4abccfd, 2026-09-25)"
"Display Units","L:A22X L Outboard Brightness","Percent over 100","Sets display brightness, from off (0) to full bright (1)","WRITE_ACTION","CONTROL_POSITION","NOT_RELEVANT","","Lighting / display control.","docs.synapticsim.com/pilots/simvars (github.com/synapticsim/docs @4abccfd, 2026-09-25)"
"Display Units","L:A22X L Inboard Brightness","Percent over 100","Sets display brightness, from off (0) to full bright (1)","WRITE_ACTION","CONTROL_POSITION","NOT_RELEVANT","","Lighting / display control.","docs.synapticsim.com/pilots/simvars (github.com/synapticsim/docs @4abccfd, 2026-09-25)"
"Display Units","L:A22X R Inboard Brightness","Percent over 100","Sets display brightness, from off (0) to full bright (1)","WRITE_ACTION","CONTROL_POSITION","NOT_RELEVANT","","Lighting / display control.","docs.synapticsim.com/pilots/simvars (github.com/synapticsim/docs @4abccfd, 2026-09-25)"
"Display Units","L:A22X R Outboard Brightness","Percent over 100","Sets display brightness, from off (0) to full bright (1)","WRITE_ACTION","CONTROL_POSITION","NOT_RELEVANT","","Lighting / display control.","docs.synapticsim.com/pilots/simvars (github.com/synapticsim/docs @4abccfd, 2026-09-25)"
"Display Units","L:A22X Lower Brightness","Percent over 100","Sets display brightness, from off (0) to full bright (1)","WRITE_ACTION","CONTROL_POSITION","NOT_RELEVANT","","Lighting / display control.","docs.synapticsim.com/pilots/simvars (github.com/synapticsim/docs @4abccfd, 2026-09-25)"
"Multifunction Keyboard Panel (MKP) & Reversion Panel","L:A22X L MKP Brightness","Number","The brightness setting of the {side} (L/R) multifunction keyboard panel's backlighting","READ","CONTROL_POSITION","NOT_RELEVANT","","Lighting / display control.","docs.synapticsim.com/pilots/simvars (github.com/synapticsim/docs @4abccfd, 2026-09-25)"
"Multifunction Keyboard Panel (MKP) & Reversion Panel","L:A22X R MKP Brightness","Number","The brightness setting of the {side} (L/R) multifunction keyboard panel's backlighting","READ","CONTROL_POSITION","NOT_RELEVANT","","Lighting / display control.","docs.synapticsim.com/pilots/simvars (github.com/synapticsim/docs @4abccfd, 2026-09-25)"
"Multifunction Keyboard Panel (MKP) & Reversion Panel","L:A22X L MKP Powered","Bool","Whether the {side} (L/R) multifunction keyboard panel is powered","READ","ACTUAL_SYSTEM_STATE","NOT_RELEVANT","","Keyboard panel power.","docs.synapticsim.com/pilots/simvars (github.com/synapticsim/docs @4abccfd, 2026-09-25)"
"Multifunction Keyboard Panel (MKP) & Reversion Panel","L:A22X R MKP Powered","Bool","Whether the {side} (L/R) multifunction keyboard panel is powered","READ","ACTUAL_SYSTEM_STATE","NOT_RELEVANT","","Keyboard panel power.","docs.synapticsim.com/pilots/simvars (github.com/synapticsim/docs @4abccfd, 2026-09-25)"
"Multifunction Keyboard Panel (MKP) & Reversion Panel","L:A22X L ADS Reversion","Bool","Whether the left air data source (ADS) reversion pushbutton has been pressed","READ","CONTROL_POSITION","DEFER","","Reversion pushbutton pressed. Not an IRS mode (section 33).","docs.synapticsim.com/pilots/simvars (github.com/synapticsim/docs @4abccfd, 2026-09-25)"
"Multifunction Keyboard Panel (MKP) & Reversion Panel","L:A22X R ADS Reversion","Bool","Whether the right air data source (ADS) reversion pushbutton has been pressed","READ","CONTROL_POSITION","DEFER","","Reversion pushbutton pressed. Not an IRS mode (section 33).","docs.synapticsim.com/pilots/simvars (github.com/synapticsim/docs @4abccfd, 2026-09-25)"
"Multifunction Keyboard Panel (MKP) & Reversion Panel","L:A22X L IRS Reversion","Bool","Whether the left inertial reference system (IRS) reversion pushbutton has been pressed","READ","CONTROL_POSITION","DEFER","","Reversion pushbutton pressed. Not an IRS mode (section 33).","docs.synapticsim.com/pilots/simvars (github.com/synapticsim/docs @4abccfd, 2026-09-25)"
"Multifunction Keyboard Panel (MKP) & Reversion Panel","L:A22X R IRS Reversion","Bool","Whether the right inertial reference system (IRS) reversion pushbutton has been pressed","READ","CONTROL_POSITION","DEFER","","Reversion pushbutton pressed. Not an IRS mode (section 33).","docs.synapticsim.com/pilots/simvars (github.com/synapticsim/docs @4abccfd, 2026-09-25)"
"Multifunction Keyboard Panel (MKP) & Reversion Panel","L:A22X Reversion Mode","Enum","The selected display reversion mode: Manual, Auto, or Swap","READ","CONTROL_POSITION","NOT_RELEVANT","","Display reversion selector.","docs.synapticsim.com/pilots/simvars (github.com/synapticsim/docs @4abccfd, 2026-09-25)"
"Lights","L:A22X Pedestal Integral Lights","Number","The pedestal integral lighting knob position","READ","CONTROL_POSITION","NOT_RELEVANT","","Lighting / display control.","docs.synapticsim.com/pilots/simvars (github.com/synapticsim/docs @4abccfd, 2026-09-25)"
"Lights","L:A22X Glareshield Integral Lights","Number","The glareshield integral lighting knob position","READ","CONTROL_POSITION","NOT_RELEVANT","","Lighting / display control.","docs.synapticsim.com/pilots/simvars (github.com/synapticsim/docs @4abccfd, 2026-09-25)"
"Lights","L:A22X Overhead Integral Lights","Number","The overhead panel integral lighting knob position","READ","CONTROL_POSITION","NOT_RELEVANT","","Lighting / display control.","docs.synapticsim.com/pilots/simvars (github.com/synapticsim/docs @4abccfd, 2026-09-25)"
"Lights","L:A22X CB Integral Lights","Number","The circuit breaker panel integral lighting knob position","READ","CONTROL_POSITION","NOT_RELEVANT","","Lighting / display control.","docs.synapticsim.com/pilots/simvars (github.com/synapticsim/docs @4abccfd, 2026-09-25)"
"Lights","L:A22X Flood Lights","Number","The cockpit flood lighting knob position","READ","CONTROL_POSITION","NOT_RELEVANT","","Lighting / display control.","docs.synapticsim.com/pilots/simvars (github.com/synapticsim/docs @4abccfd, 2026-09-25)"
"Lights","L:A22X Entrance Lights","Number","The entrance (ceiling/floor) lighting knob position","READ","CONTROL_POSITION","NOT_RELEVANT","","Lighting / display control.","docs.synapticsim.com/pilots/simvars (github.com/synapticsim/docs @4abccfd, 2026-09-25)"
"Lights","L:A22X L Reading Lights","Percent over 100","Sets readling lights brightness, from off (0) to full bright (1)","WRITE_ACTION","CONTROL_POSITION","NOT_RELEVANT","","Lighting / display control.","docs.synapticsim.com/pilots/simvars (github.com/synapticsim/docs @4abccfd, 2026-09-25)"
"Lights","L:A22X R Reading Lights","Percent over 100","Sets readling lights brightness, from off (0) to full bright (1)","WRITE_ACTION","CONTROL_POSITION","NOT_RELEVANT","","Lighting / display control.","docs.synapticsim.com/pilots/simvars (github.com/synapticsim/docs @4abccfd, 2026-09-25)"
"Lights","L:A22X L Console Lights","Number","The right console lighting knob position","READ","CONTROL_POSITION","NOT_RELEVANT","","Lighting / display control.","docs.synapticsim.com/pilots/simvars (github.com/synapticsim/docs @4abccfd, 2026-09-25)"
"Lights","L:A22X R Console Lights","Number","The right console lighting knob position","READ","CONTROL_POSITION","NOT_RELEVANT","","Lighting / display control.","docs.synapticsim.com/pilots/simvars (github.com/synapticsim/docs @4abccfd, 2026-09-25)"
"Lights","L:A22X L Map Lights","Number","The right map light knob position","READ","CONTROL_POSITION","NOT_RELEVANT","","Lighting / display control.","docs.synapticsim.com/pilots/simvars (github.com/synapticsim/docs @4abccfd, 2026-09-25)"
"Lights","L:A22X R Map Lights","Number","The right map light knob position","READ","CONTROL_POSITION","NOT_RELEVANT","","Lighting / display control.","docs.synapticsim.com/pilots/simvars (github.com/synapticsim/docs @4abccfd, 2026-09-25)"
"Lights","L:A22X L Foot Lights","Bool","Whether the right footwell light switch is on","READ","CONTROL_POSITION","NOT_RELEVANT","","Lighting / display control.","docs.synapticsim.com/pilots/simvars (github.com/synapticsim/docs @4abccfd, 2026-09-25)"
"Lights","L:A22X R Foot Lights","Bool","Whether the right footwell light switch is on","READ","CONTROL_POSITION","NOT_RELEVANT","","Lighting / display control.","docs.synapticsim.com/pilots/simvars (github.com/synapticsim/docs @4abccfd, 2026-09-25)"
"Lights","L:A22X L Bag Lights","Bool","Whether the right flight bag light switch is on","READ","CONTROL_POSITION","NOT_RELEVANT","","Lighting / display control.","docs.synapticsim.com/pilots/simvars (github.com/synapticsim/docs @4abccfd, 2026-09-25)"
"Lights","L:A22X R Bag Lights","Bool","Whether the right flight bag light switch is on","READ","CONTROL_POSITION","NOT_RELEVANT","","Lighting / display control.","docs.synapticsim.com/pilots/simvars (github.com/synapticsim/docs @4abccfd, 2026-09-25)"
"Lights","L:A22X Dome Lights Annunciator","Bool","Whether the dome lights annunciator is illuminated","READ","CONTROL_POSITION","NOT_RELEVANT","","Lighting / display control.","docs.synapticsim.com/pilots/simvars (github.com/synapticsim/docs @4abccfd, 2026-09-25)"
"Electronic Flight Control System (EFCS) / Sidestick & Pedal Animation","L:A22X L Sidestick X","Number","Lateral (roll) deflection of the left sidestick, driven for 3D model animation","ANIMATION","ANIMATION_ONLY","NOT_RELEVANT","","Documented as animation/model-driven. Never a control surface or an actual position.","docs.synapticsim.com/pilots/simvars (github.com/synapticsim/docs @4abccfd, 2026-09-25)"
"Electronic Flight Control System (EFCS) / Sidestick & Pedal Animation","L:A22X L Sidestick Y","Number","Longitudinal (pitch) deflection of the left sidestick, driven for 3D model animation","ANIMATION","ANIMATION_ONLY","NOT_RELEVANT","","Documented as animation/model-driven. Never a control surface or an actual position.","docs.synapticsim.com/pilots/simvars (github.com/synapticsim/docs @4abccfd, 2026-09-25)"
"Electronic Flight Control System (EFCS) / Sidestick & Pedal Animation","L:A22X Rudder Pedals","Number","Rudder pedal deflection, driven for 3D model animation","ANIMATION","ANIMATION_ONLY","NOT_RELEVANT","","Documented as animation/model-driven. Never a control surface or an actual position.","docs.synapticsim.com/pilots/simvars (github.com/synapticsim/docs @4abccfd, 2026-09-25)"
"Electronic Flight Control System (EFCS) / Motor Control Electronics (MCE) — Horizontal Stabilizer Trim","L:A22X Horizontal Stabilizer","Percent over 100","Horizontal stabilizer trim animation position, as a ratio of the full trim travel range","ANIMATION","ANIMATION_ONLY","NOT_RELEVANT","","Documented as animation/model-driven. Never a control surface or an actual position.","docs.synapticsim.com/pilots/simvars (github.com/synapticsim/docs @4abccfd, 2026-09-25)"
"Electronic Flight Control System (EFCS) / Pitch/Roll/Rudder/Spoiler Inceptor Transformers (RVDT)","L:A22X Spoiler Lever","Number","Current spoiler/speedbrake lever position (0–1), written for animation","ANIMATION","ANIMATION_ONLY","NOT_RELEVANT","","Documented as animation/model-driven. Never a control surface or an actual position.","docs.synapticsim.com/pilots/simvars (github.com/synapticsim/docs @4abccfd, 2026-09-25)"
"Flight Control Panel","L:A22X FCP Brightness","Percent over 100","Sets FCP brightness, from off (0) to full bright (1)","WRITE_ACTION","CONTROL_POSITION","NOT_RELEVANT","","Lighting / display control.","docs.synapticsim.com/pilots/simvars (github.com/synapticsim/docs @4abccfd, 2026-09-25)"
"Flight Control Panel","L:A22X FCP Backlight","Percent over 100","FCP backlight brightness, from off (0) to full bright (1)","READ","CONTROL_POSITION","NOT_RELEVANT","","Lighting / display control.","docs.synapticsim.com/pilots/simvars (github.com/synapticsim/docs @4abccfd, 2026-09-25)"
"Flight Control Panel","L:A22X AP Master","Bool","Whether autopilot master is engaged","READ","COMMAND_MODE","APPLICATION_SPECIFIC","","Flight guidance mode engaged / target. No FSGAP contract; a flight-analysis application may want it.","docs.synapticsim.com/pilots/simvars (github.com/synapticsim/docs @4abccfd, 2026-09-25)"
"Flight Control Panel","L:A22X AT Master","Bool","Whether autothrottle master engaged is engaged","READ","COMMAND_MODE","APPLICATION_SPECIFIC","","Flight guidance mode engaged / target. No FSGAP contract; a flight-analysis application may want it.","docs.synapticsim.com/pilots/simvars (github.com/synapticsim/docs @4abccfd, 2026-09-25)"
"Flight Control Panel","L:A22X FG EDM","Bool","Whether emergency descent mode is engaged","READ","COMMAND_MODE","APPLICATION_SPECIFIC","","Flight guidance mode engaged / target. No FSGAP contract; a flight-analysis application may want it.","docs.synapticsim.com/pilots/simvars (github.com/synapticsim/docs @4abccfd, 2026-09-25)"
"Flight Control Panel","L:A22X FG Source","Enum","Current flight guidance source [enum from 0: Left; Right; ]","READ","COMMAND_MODE","APPLICATION_SPECIFIC","","Flight guidance mode engaged / target. No FSGAP contract; a flight-analysis application may want it.","docs.synapticsim.com/pilots/simvars (github.com/synapticsim/docs @4abccfd, 2026-09-25)"
"Flight Control Panel","L:A22X FG Half Bank","Bool","Whether half-bank mode is engaged","READ","COMMAND_MODE","APPLICATION_SPECIFIC","","Flight guidance mode engaged / target. No FSGAP contract; a flight-analysis application may want it.","docs.synapticsim.com/pilots/simvars (github.com/synapticsim/docs @4abccfd, 2026-09-25)"
"Flight Control Panel","L:A22X FG Heading","Bool","Whether heading select mode is engaged","READ","COMMAND_MODE","APPLICATION_SPECIFIC","","Flight guidance mode engaged / target. No FSGAP contract; a flight-analysis application may want it.","docs.synapticsim.com/pilots/simvars (github.com/synapticsim/docs @4abccfd, 2026-09-25)"
"Flight Control Panel","L:A22X FG LNAV","Bool","Whether navigation mode is engaged","READ","COMMAND_MODE","APPLICATION_SPECIFIC","","Flight guidance mode engaged / target. No FSGAP contract; a flight-analysis application may want it.","docs.synapticsim.com/pilots/simvars (github.com/synapticsim/docs @4abccfd, 2026-09-25)"
"Flight Control Panel","L:A22X FG Approach","Bool","Whether approach mode is armed or engaged","READ","COMMAND_MODE","APPLICATION_SPECIFIC","","Flight guidance mode engaged / target. No FSGAP contract; a flight-analysis application may want it.","docs.synapticsim.com/pilots/simvars (github.com/synapticsim/docs @4abccfd, 2026-09-25)"
"Flight Control Panel","L:A22X FG Flight Level","Bool","Whether flight level change mode is engaged","READ","COMMAND_MODE","APPLICATION_SPECIFIC","","Flight guidance mode engaged / target. No FSGAP contract; a flight-analysis application may want it.","docs.synapticsim.com/pilots/simvars (github.com/synapticsim/docs @4abccfd, 2026-09-25)"
"Flight Control Panel","L:A22X FG Altitude","Bool","Whether altitude hold mode is engaged","READ","COMMAND_MODE","APPLICATION_SPECIFIC","","Flight guidance mode engaged / target. No FSGAP contract; a flight-analysis application may want it.","docs.synapticsim.com/pilots/simvars (github.com/synapticsim/docs @4abccfd, 2026-09-25)"
"Flight Control Panel","L:A22X FG VNAV","Bool","Whether vertical navigation mode is engaged","READ","COMMAND_MODE","APPLICATION_SPECIFIC","","Flight guidance mode engaged / target. No FSGAP contract; a flight-analysis application may want it.","docs.synapticsim.com/pilots/simvars (github.com/synapticsim/docs @4abccfd, 2026-09-25)"
"Flight Control Panel","L:A22X FG Vertical Speed","Bool","Whether vertical speed mode is engaged","READ","COMMAND_MODE","APPLICATION_SPECIFIC","","Flight guidance mode engaged / target. No FSGAP contract; a flight-analysis application may want it.","docs.synapticsim.com/pilots/simvars (github.com/synapticsim/docs @4abccfd, 2026-09-25)"
"Flight Control Panel","L:A22X FG Flight Path Angle","Bool","Whether flight path angle mode is engaged","READ","COMMAND_MODE","APPLICATION_SPECIFIC","","Flight guidance mode engaged / target. No FSGAP contract; a flight-analysis application may want it.","docs.synapticsim.com/pilots/simvars (github.com/synapticsim/docs @4abccfd, 2026-09-25)"
"Flight Control Panel","L:A22X Selected FPA","Degree","Selected flight path angle target","READ","COMMAND_MODE","APPLICATION_SPECIFIC","","Flight guidance mode engaged / target. No FSGAP contract; a flight-analysis application may want it.","docs.synapticsim.com/pilots/simvars (github.com/synapticsim/docs @4abccfd, 2026-09-25)"
"Flight Control Panel","L:A22X EDM","Bool","Toggles emergency descent mode switch when set","WRITE_ACTION","EVENT","NOT_RELEVANT","","Write action (toggle when set).","docs.synapticsim.com/pilots/simvars (github.com/synapticsim/docs @4abccfd, 2026-09-25)"
"Flight Control Panel","L:A22X FG Source Transfer","Bool","Toggles guidance source transfer switch when set","WRITE_ACTION","EVENT","NOT_RELEVANT","","Write action (toggle when set).","docs.synapticsim.com/pilots/simvars (github.com/synapticsim/docs @4abccfd, 2026-09-25)"
"Flight Control Panel","L:A22X FG Speed Mode","Enum","Selected airspeed mode annunciation (enum, e.g. manual/managed/FMS speed)","READ","COMMAND_MODE","APPLICATION_SPECIFIC","","Flight guidance mode engaged / target. No FSGAP contract; a flight-analysis application may want it.","docs.synapticsim.com/pilots/simvars (github.com/synapticsim/docs @4abccfd, 2026-09-25)"
"Flight Control Panel","L:A22X FG Altitude Unit","Number","Selected altitude display unit (enum: feet or meters), read from the panel [enum from 0: FMS; Manual; ]","READ","COMMAND_MODE","APPLICATION_SPECIFIC","","Flight guidance mode engaged / target. No FSGAP contract; a flight-analysis application may want it.","docs.synapticsim.com/pilots/simvars (github.com/synapticsim/docs @4abccfd, 2026-09-25)"
"Flight Control Panel","L:A22X FG Altitude Fine","Bool","Whether the altitude selector is in fine (vs. coarse) increment mode, read from the panel","READ","COMMAND_MODE","APPLICATION_SPECIFIC","","Flight guidance mode engaged / target. No FSGAP contract; a flight-analysis application may want it.","docs.synapticsim.com/pilots/simvars (github.com/synapticsim/docs @4abccfd, 2026-09-25)"
"Flight Control Panel","L:A22X FG VNAV Toggle","Bool","VNAV mode toggle button state, read from and written to the panel","READ_WRITE","EVENT","NOT_RELEVANT","","Write action (toggle when set).","docs.synapticsim.com/pilots/simvars (github.com/synapticsim/docs @4abccfd, 2026-09-25)"
"Flight Control Panel","L:A22X L Flight Director","Bool","Left flight director on/off state, read from and written to the panel","READ_WRITE","COMMAND_MODE","APPLICATION_SPECIFIC","","Flight guidance mode engaged / target. No FSGAP contract; a flight-analysis application may want it.","docs.synapticsim.com/pilots/simvars (github.com/synapticsim/docs @4abccfd, 2026-09-25)"
"Flight Control Panel","L:A22X R Flight Director","Bool","Right flight director on/off state, read from and written to the panel","READ_WRITE","COMMAND_MODE","APPLICATION_SPECIFIC","","Flight guidance mode engaged / target. No FSGAP contract; a flight-analysis application may want it.","docs.synapticsim.com/pilots/simvars (github.com/synapticsim/docs @4abccfd, 2026-09-25)"
"Electrical System / Circuit Breakers","L:A22X Circuit Breaker L A1","Bool","Pulls cockpit circuit breaker when set","WRITE_ACTION","CONTROL_POSITION","NOT_RELEVANT","","Documented as a write action (pulls when set); read semantics not documented. Section 30: no CB exposure initially.","docs.synapticsim.com/pilots/simvars (github.com/synapticsim/docs @4abccfd, 2026-09-25)"
"Electrical System / Circuit Breakers","L:A22X Circuit Breaker L A2","Bool","Pulls cockpit circuit breaker when set","WRITE_ACTION","CONTROL_POSITION","NOT_RELEVANT","","Documented as a write action (pulls when set); read semantics not documented. Section 30: no CB exposure initially.","docs.synapticsim.com/pilots/simvars (github.com/synapticsim/docs @4abccfd, 2026-09-25)"
"Electrical System / Circuit Breakers","L:A22X Circuit Breaker L A3","Bool","Pulls cockpit circuit breaker when set","WRITE_ACTION","CONTROL_POSITION","NOT_RELEVANT","","Documented as a write action (pulls when set); read semantics not documented. Section 30: no CB exposure initially.","docs.synapticsim.com/pilots/simvars (github.com/synapticsim/docs @4abccfd, 2026-09-25)"
"Electrical System / Circuit Breakers","L:A22X Circuit Breaker L A4","Bool","Pulls cockpit circuit breaker when set","WRITE_ACTION","CONTROL_POSITION","NOT_RELEVANT","","Documented as a write action (pulls when set); read semantics not documented. Section 30: no CB exposure initially.","docs.synapticsim.com/pilots/simvars (github.com/synapticsim/docs @4abccfd, 2026-09-25)"
"Electrical System / Circuit Breakers","L:A22X Circuit Breaker L A5","Bool","Pulls cockpit circuit breaker when set","WRITE_ACTION","CONTROL_POSITION","NOT_RELEVANT","","Documented as a write action (pulls when set); read semantics not documented. Section 30: no CB exposure initially.","docs.synapticsim.com/pilots/simvars (github.com/synapticsim/docs @4abccfd, 2026-09-25)"
"Electrical System / Circuit Breakers","L:A22X Circuit Breaker L B1","Bool","Pulls cockpit circuit breaker when set","WRITE_ACTION","CONTROL_POSITION","NOT_RELEVANT","","Documented as a write action (pulls when set); read semantics not documented. Section 30: no CB exposure initially.","docs.synapticsim.com/pilots/simvars (github.com/synapticsim/docs @4abccfd, 2026-09-25)"
"Electrical System / Circuit Breakers","L:A22X Circuit Breaker L B2","Bool","Pulls cockpit circuit breaker when set","WRITE_ACTION","CONTROL_POSITION","NOT_RELEVANT","","Documented as a write action (pulls when set); read semantics not documented. Section 30: no CB exposure initially.","docs.synapticsim.com/pilots/simvars (github.com/synapticsim/docs @4abccfd, 2026-09-25)"
"Electrical System / Circuit Breakers","L:A22X Circuit Breaker L B3","Bool","Pulls cockpit circuit breaker when set","WRITE_ACTION","CONTROL_POSITION","NOT_RELEVANT","","Documented as a write action (pulls when set); read semantics not documented. Section 30: no CB exposure initially.","docs.synapticsim.com/pilots/simvars (github.com/synapticsim/docs @4abccfd, 2026-09-25)"
"Electrical System / Circuit Breakers","L:A22X Circuit Breaker L B4","Bool","Pulls cockpit circuit breaker when set","WRITE_ACTION","CONTROL_POSITION","NOT_RELEVANT","","Documented as a write action (pulls when set); read semantics not documented. Section 30: no CB exposure initially.","docs.synapticsim.com/pilots/simvars (github.com/synapticsim/docs @4abccfd, 2026-09-25)"
"Electrical System / Circuit Breakers","L:A22X Circuit Breaker L B5","Bool","Pulls cockpit circuit breaker when set","WRITE_ACTION","CONTROL_POSITION","NOT_RELEVANT","","Documented as a write action (pulls when set); read semantics not documented. Section 30: no CB exposure initially.","docs.synapticsim.com/pilots/simvars (github.com/synapticsim/docs @4abccfd, 2026-09-25)"
"Electrical System / Circuit Breakers","L:A22X Circuit Breaker L C1","Bool","Pulls cockpit circuit breaker when set","WRITE_ACTION","CONTROL_POSITION","NOT_RELEVANT","","Documented as a write action (pulls when set); read semantics not documented. Section 30: no CB exposure initially.","docs.synapticsim.com/pilots/simvars (github.com/synapticsim/docs @4abccfd, 2026-09-25)"
"Electrical System / Circuit Breakers","L:A22X Circuit Breaker L C2","Bool","Pulls cockpit circuit breaker when set","WRITE_ACTION","CONTROL_POSITION","NOT_RELEVANT","","Documented as a write action (pulls when set); read semantics not documented. Section 30: no CB exposure initially.","docs.synapticsim.com/pilots/simvars (github.com/synapticsim/docs @4abccfd, 2026-09-25)"
"Electrical System / Circuit Breakers","L:A22X Circuit Breaker L C4","Bool","Pulls cockpit circuit breaker when set","WRITE_ACTION","CONTROL_POSITION","NOT_RELEVANT","","Documented as a write action (pulls when set); read semantics not documented. Section 30: no CB exposure initially.","docs.synapticsim.com/pilots/simvars (github.com/synapticsim/docs @4abccfd, 2026-09-25)"
"Electrical System / Circuit Breakers","L:A22X Circuit Breaker L D1","Bool","Pulls cockpit circuit breaker when set","WRITE_ACTION","CONTROL_POSITION","NOT_RELEVANT","","Documented as a write action (pulls when set); read semantics not documented. Section 30: no CB exposure initially.","docs.synapticsim.com/pilots/simvars (github.com/synapticsim/docs @4abccfd, 2026-09-25)"
"Electrical System / Circuit Breakers","L:A22X Circuit Breaker L D2","Bool","Pulls cockpit circuit breaker when set","WRITE_ACTION","CONTROL_POSITION","NOT_RELEVANT","","Documented as a write action (pulls when set); read semantics not documented. Section 30: no CB exposure initially.","docs.synapticsim.com/pilots/simvars (github.com/synapticsim/docs @4abccfd, 2026-09-25)"
"Electrical System / Circuit Breakers","L:A22X Circuit Breaker L D3","Bool","Pulls cockpit circuit breaker when set","WRITE_ACTION","CONTROL_POSITION","NOT_RELEVANT","","Documented as a write action (pulls when set); read semantics not documented. Section 30: no CB exposure initially.","docs.synapticsim.com/pilots/simvars (github.com/synapticsim/docs @4abccfd, 2026-09-25)"
"Electrical System / Circuit Breakers","L:A22X Circuit Breaker L D4","Bool","Pulls cockpit circuit breaker when set","WRITE_ACTION","CONTROL_POSITION","NOT_RELEVANT","","Documented as a write action (pulls when set); read semantics not documented. Section 30: no CB exposure initially.","docs.synapticsim.com/pilots/simvars (github.com/synapticsim/docs @4abccfd, 2026-09-25)"
"Electrical System / Circuit Breakers","L:A22X Circuit Breaker L D5","Bool","Pulls cockpit circuit breaker when set","WRITE_ACTION","CONTROL_POSITION","NOT_RELEVANT","","Documented as a write action (pulls when set); read semantics not documented. Section 30: no CB exposure initially.","docs.synapticsim.com/pilots/simvars (github.com/synapticsim/docs @4abccfd, 2026-09-25)"
"Electrical System / Circuit Breakers","L:A22X Circuit Breaker L E1","Bool","Pulls cockpit circuit breaker when set","WRITE_ACTION","CONTROL_POSITION","NOT_RELEVANT","","Documented as a write action (pulls when set); read semantics not documented. Section 30: no CB exposure initially.","docs.synapticsim.com/pilots/simvars (github.com/synapticsim/docs @4abccfd, 2026-09-25)"
"Electrical System / Circuit Breakers","L:A22X Circuit Breaker L E3","Bool","Pulls cockpit circuit breaker when set","WRITE_ACTION","CONTROL_POSITION","NOT_RELEVANT","","Documented as a write action (pulls when set); read semantics not documented. Section 30: no CB exposure initially.","docs.synapticsim.com/pilots/simvars (github.com/synapticsim/docs @4abccfd, 2026-09-25)"
"Electrical System / Circuit Breakers","L:A22X Circuit Breaker L E5","Bool","Pulls cockpit circuit breaker when set","WRITE_ACTION","CONTROL_POSITION","NOT_RELEVANT","","Documented as a write action (pulls when set); read semantics not documented. Section 30: no CB exposure initially.","docs.synapticsim.com/pilots/simvars (github.com/synapticsim/docs @4abccfd, 2026-09-25)"
"Electrical System / Circuit Breakers","L:A22X Circuit Breaker L F1","Bool","Pulls cockpit circuit breaker when set","WRITE_ACTION","CONTROL_POSITION","NOT_RELEVANT","","Documented as a write action (pulls when set); read semantics not documented. Section 30: no CB exposure initially.","docs.synapticsim.com/pilots/simvars (github.com/synapticsim/docs @4abccfd, 2026-09-25)"
"Electrical System / Circuit Breakers","L:A22X Circuit Breaker L F4","Bool","Pulls cockpit circuit breaker when set","WRITE_ACTION","CONTROL_POSITION","NOT_RELEVANT","","Documented as a write action (pulls when set); read semantics not documented. Section 30: no CB exposure initially.","docs.synapticsim.com/pilots/simvars (github.com/synapticsim/docs @4abccfd, 2026-09-25)"
"Electrical System / Circuit Breakers","L:A22X Circuit Breaker L F5","Bool","Pulls cockpit circuit breaker when set","WRITE_ACTION","CONTROL_POSITION","NOT_RELEVANT","","Documented as a write action (pulls when set); read semantics not documented. Section 30: no CB exposure initially.","docs.synapticsim.com/pilots/simvars (github.com/synapticsim/docs @4abccfd, 2026-09-25)"
"Electrical System / Circuit Breakers","L:A22X Circuit Breaker L G1","Bool","Pulls cockpit circuit breaker when set","WRITE_ACTION","CONTROL_POSITION","NOT_RELEVANT","","Documented as a write action (pulls when set); read semantics not documented. Section 30: no CB exposure initially.","docs.synapticsim.com/pilots/simvars (github.com/synapticsim/docs @4abccfd, 2026-09-25)"
"Electrical System / Circuit Breakers","L:A22X Circuit Breaker L G2","Bool","Pulls cockpit circuit breaker when set","WRITE_ACTION","CONTROL_POSITION","NOT_RELEVANT","","Documented as a write action (pulls when set); read semantics not documented. Section 30: no CB exposure initially.","docs.synapticsim.com/pilots/simvars (github.com/synapticsim/docs @4abccfd, 2026-09-25)"
"Electrical System / Circuit Breakers","L:A22X Circuit Breaker L H1","Bool","Pulls cockpit circuit breaker when set","WRITE_ACTION","CONTROL_POSITION","NOT_RELEVANT","","Documented as a write action (pulls when set); read semantics not documented. Section 30: no CB exposure initially.","docs.synapticsim.com/pilots/simvars (github.com/synapticsim/docs @4abccfd, 2026-09-25)"
"Electrical System / Circuit Breakers","L:A22X Circuit Breaker L H2","Bool","Pulls cockpit circuit breaker when set","WRITE_ACTION","CONTROL_POSITION","NOT_RELEVANT","","Documented as a write action (pulls when set); read semantics not documented. Section 30: no CB exposure initially.","docs.synapticsim.com/pilots/simvars (github.com/synapticsim/docs @4abccfd, 2026-09-25)"
"Electrical System / Circuit Breakers","L:A22X Circuit Breaker L H4","Bool","Pulls cockpit circuit breaker when set","WRITE_ACTION","CONTROL_POSITION","NOT_RELEVANT","","Documented as a write action (pulls when set); read semantics not documented. Section 30: no CB exposure initially.","docs.synapticsim.com/pilots/simvars (github.com/synapticsim/docs @4abccfd, 2026-09-25)"
"Electrical System / Circuit Breakers","L:A22X Circuit Breaker L I4","Bool","Pulls cockpit circuit breaker when set","WRITE_ACTION","CONTROL_POSITION","NOT_RELEVANT","","Documented as a write action (pulls when set); read semantics not documented. Section 30: no CB exposure initially.","docs.synapticsim.com/pilots/simvars (github.com/synapticsim/docs @4abccfd, 2026-09-25)"
"Electrical System / Circuit Breakers","L:A22X Circuit Breaker R A1","Bool","Pulls cockpit circuit breaker when set","WRITE_ACTION","CONTROL_POSITION","NOT_RELEVANT","","Documented as a write action (pulls when set); read semantics not documented. Section 30: no CB exposure initially.","docs.synapticsim.com/pilots/simvars (github.com/synapticsim/docs @4abccfd, 2026-09-25)"
"Electrical System / Circuit Breakers","L:A22X Circuit Breaker R A2","Bool","Pulls cockpit circuit breaker when set","WRITE_ACTION","CONTROL_POSITION","NOT_RELEVANT","","Documented as a write action (pulls when set); read semantics not documented. Section 30: no CB exposure initially.","docs.synapticsim.com/pilots/simvars (github.com/synapticsim/docs @4abccfd, 2026-09-25)"
"Electrical System / Circuit Breakers","L:A22X Circuit Breaker R A3","Bool","Pulls cockpit circuit breaker when set","WRITE_ACTION","CONTROL_POSITION","NOT_RELEVANT","","Documented as a write action (pulls when set); read semantics not documented. Section 30: no CB exposure initially.","docs.synapticsim.com/pilots/simvars (github.com/synapticsim/docs @4abccfd, 2026-09-25)"
"Electrical System / Circuit Breakers","L:A22X Circuit Breaker R A4","Bool","Pulls cockpit circuit breaker when set","WRITE_ACTION","CONTROL_POSITION","NOT_RELEVANT","","Documented as a write action (pulls when set); read semantics not documented. Section 30: no CB exposure initially.","docs.synapticsim.com/pilots/simvars (github.com/synapticsim/docs @4abccfd, 2026-09-25)"
"Electrical System / Circuit Breakers","L:A22X Circuit Breaker R A5","Bool","Pulls cockpit circuit breaker when set","WRITE_ACTION","CONTROL_POSITION","NOT_RELEVANT","","Documented as a write action (pulls when set); read semantics not documented. Section 30: no CB exposure initially.","docs.synapticsim.com/pilots/simvars (github.com/synapticsim/docs @4abccfd, 2026-09-25)"
"Electrical System / Circuit Breakers","L:A22X Circuit Breaker R B1","Bool","Pulls cockpit circuit breaker when set","WRITE_ACTION","CONTROL_POSITION","NOT_RELEVANT","","Documented as a write action (pulls when set); read semantics not documented. Section 30: no CB exposure initially.","docs.synapticsim.com/pilots/simvars (github.com/synapticsim/docs @4abccfd, 2026-09-25)"
"Electrical System / Circuit Breakers","L:A22X Circuit Breaker R B2","Bool","Pulls cockpit circuit breaker when set","WRITE_ACTION","CONTROL_POSITION","NOT_RELEVANT","","Documented as a write action (pulls when set); read semantics not documented. Section 30: no CB exposure initially.","docs.synapticsim.com/pilots/simvars (github.com/synapticsim/docs @4abccfd, 2026-09-25)"
"Electrical System / Circuit Breakers","L:A22X Circuit Breaker R B4","Bool","Pulls cockpit circuit breaker when set","WRITE_ACTION","CONTROL_POSITION","NOT_RELEVANT","","Documented as a write action (pulls when set); read semantics not documented. Section 30: no CB exposure initially.","docs.synapticsim.com/pilots/simvars (github.com/synapticsim/docs @4abccfd, 2026-09-25)"
"Electrical System / Circuit Breakers","L:A22X Circuit Breaker R C1","Bool","Pulls cockpit circuit breaker when set","WRITE_ACTION","CONTROL_POSITION","NOT_RELEVANT","","Documented as a write action (pulls when set); read semantics not documented. Section 30: no CB exposure initially.","docs.synapticsim.com/pilots/simvars (github.com/synapticsim/docs @4abccfd, 2026-09-25)"
"Electrical System / Circuit Breakers","L:A22X Circuit Breaker R C2","Bool","Pulls cockpit circuit breaker when set","WRITE_ACTION","CONTROL_POSITION","NOT_RELEVANT","","Documented as a write action (pulls when set); read semantics not documented. Section 30: no CB exposure initially.","docs.synapticsim.com/pilots/simvars (github.com/synapticsim/docs @4abccfd, 2026-09-25)"
"Electrical System / Circuit Breakers","L:A22X Circuit Breaker R C3","Bool","Pulls cockpit circuit breaker when set","WRITE_ACTION","CONTROL_POSITION","NOT_RELEVANT","","Documented as a write action (pulls when set); read semantics not documented. Section 30: no CB exposure initially.","docs.synapticsim.com/pilots/simvars (github.com/synapticsim/docs @4abccfd, 2026-09-25)"
"Electrical System / Circuit Breakers","L:A22X Circuit Breaker R C4","Bool","Pulls cockpit circuit breaker when set","WRITE_ACTION","CONTROL_POSITION","NOT_RELEVANT","","Documented as a write action (pulls when set); read semantics not documented. Section 30: no CB exposure initially.","docs.synapticsim.com/pilots/simvars (github.com/synapticsim/docs @4abccfd, 2026-09-25)"
"Electrical System / Circuit Breakers","L:A22X Circuit Breaker R D1","Bool","Pulls cockpit circuit breaker when set","WRITE_ACTION","CONTROL_POSITION","NOT_RELEVANT","","Documented as a write action (pulls when set); read semantics not documented. Section 30: no CB exposure initially.","docs.synapticsim.com/pilots/simvars (github.com/synapticsim/docs @4abccfd, 2026-09-25)"
"Electrical System / Circuit Breakers","L:A22X Circuit Breaker R D2","Bool","Pulls cockpit circuit breaker when set","WRITE_ACTION","CONTROL_POSITION","NOT_RELEVANT","","Documented as a write action (pulls when set); read semantics not documented. Section 30: no CB exposure initially.","docs.synapticsim.com/pilots/simvars (github.com/synapticsim/docs @4abccfd, 2026-09-25)"
"Electrical System / Circuit Breakers","L:A22X Circuit Breaker R D3","Bool","Pulls cockpit circuit breaker when set","WRITE_ACTION","CONTROL_POSITION","NOT_RELEVANT","","Documented as a write action (pulls when set); read semantics not documented. Section 30: no CB exposure initially.","docs.synapticsim.com/pilots/simvars (github.com/synapticsim/docs @4abccfd, 2026-09-25)"
"Electrical System / Circuit Breakers","L:A22X Circuit Breaker R D4","Bool","Pulls cockpit circuit breaker when set","WRITE_ACTION","CONTROL_POSITION","NOT_RELEVANT","","Documented as a write action (pulls when set); read semantics not documented. Section 30: no CB exposure initially.","docs.synapticsim.com/pilots/simvars (github.com/synapticsim/docs @4abccfd, 2026-09-25)"
"Electrical System / Circuit Breakers","L:A22X Circuit Breaker R E1","Bool","Pulls cockpit circuit breaker when set","WRITE_ACTION","CONTROL_POSITION","NOT_RELEVANT","","Documented as a write action (pulls when set); read semantics not documented. Section 30: no CB exposure initially.","docs.synapticsim.com/pilots/simvars (github.com/synapticsim/docs @4abccfd, 2026-09-25)"
"Electrical System / Circuit Breakers","L:A22X Circuit Breaker R E2","Bool","Pulls cockpit circuit breaker when set","WRITE_ACTION","CONTROL_POSITION","NOT_RELEVANT","","Documented as a write action (pulls when set); read semantics not documented. Section 30: no CB exposure initially.","docs.synapticsim.com/pilots/simvars (github.com/synapticsim/docs @4abccfd, 2026-09-25)"
"Electrical System / Circuit Breakers","L:A22X Circuit Breaker R E3","Bool","Pulls cockpit circuit breaker when set","WRITE_ACTION","CONTROL_POSITION","NOT_RELEVANT","","Documented as a write action (pulls when set); read semantics not documented. Section 30: no CB exposure initially.","docs.synapticsim.com/pilots/simvars (github.com/synapticsim/docs @4abccfd, 2026-09-25)"
"Electrical System / Circuit Breakers","L:A22X Circuit Breaker R E4","Bool","Pulls cockpit circuit breaker when set","WRITE_ACTION","CONTROL_POSITION","NOT_RELEVANT","","Documented as a write action (pulls when set); read semantics not documented. Section 30: no CB exposure initially.","docs.synapticsim.com/pilots/simvars (github.com/synapticsim/docs @4abccfd, 2026-09-25)"
"Electrical System / Circuit Breakers","L:A22X Circuit Breaker R F1","Bool","Pulls cockpit circuit breaker when set","WRITE_ACTION","CONTROL_POSITION","NOT_RELEVANT","","Documented as a write action (pulls when set); read semantics not documented. Section 30: no CB exposure initially.","docs.synapticsim.com/pilots/simvars (github.com/synapticsim/docs @4abccfd, 2026-09-25)"
"Electrical System / Circuit Breakers","L:A22X Circuit Breaker R F2","Bool","Pulls cockpit circuit breaker when set","WRITE_ACTION","CONTROL_POSITION","NOT_RELEVANT","","Documented as a write action (pulls when set); read semantics not documented. Section 30: no CB exposure initially.","docs.synapticsim.com/pilots/simvars (github.com/synapticsim/docs @4abccfd, 2026-09-25)"
"Electrical System / Circuit Breakers","L:A22X Circuit Breaker R F3","Bool","Pulls cockpit circuit breaker when set","WRITE_ACTION","CONTROL_POSITION","NOT_RELEVANT","","Documented as a write action (pulls when set); read semantics not documented. Section 30: no CB exposure initially.","docs.synapticsim.com/pilots/simvars (github.com/synapticsim/docs @4abccfd, 2026-09-25)"
"Electrical System / Circuit Breakers","L:A22X Circuit Breaker R F4","Bool","Pulls cockpit circuit breaker when set","WRITE_ACTION","CONTROL_POSITION","NOT_RELEVANT","","Documented as a write action (pulls when set); read semantics not documented. Section 30: no CB exposure initially.","docs.synapticsim.com/pilots/simvars (github.com/synapticsim/docs @4abccfd, 2026-09-25)"
"Electrical System / Circuit Breakers","L:A22X Circuit Breaker R F5","Bool","Pulls cockpit circuit breaker when set","WRITE_ACTION","CONTROL_POSITION","NOT_RELEVANT","","Documented as a write action (pulls when set); read semantics not documented. Section 30: no CB exposure initially.","docs.synapticsim.com/pilots/simvars (github.com/synapticsim/docs @4abccfd, 2026-09-25)"
"Electrical System / Control Panel","L:A22X RAT Gen","Bool","Whether the RAM air turbine generator switch has been pushed/deployed","READ","CONTROL_POSITION","MIGRATE_CANDIDATE","GAP G-E1 (RAT deploy commanded)","Switch pushed / deployed (a command).","docs.synapticsim.com/pilots/simvars (github.com/synapticsim/docs @4abccfd, 2026-09-25)"
"Electrical System / Control Panel","L:A22X RAT Gen Lamp","Bool","Whether the RAT generator switch's lamp is illuminated (lit once the RAT generator is producing usable voltage)","READ","ACTUAL_SYSTEM_STATE","MIGRATE_CANDIDATE","GAP G-E1 electrical minimal subset (RAT generator online)","Documented as lit once the RAT generator produces usable voltage.","docs.synapticsim.com/pilots/simvars (github.com/synapticsim/docs @4abccfd, 2026-09-25)"
"Electrical System / Control Panel","L:A22X APU Gen Off","Bool","Whether the APU generator switch is selected off","READ","CONTROL_POSITION","MIGRATE_CANDIDATE","GAP G-E1 (APU generator selected)","Switch selected off. Not generator online.","docs.synapticsim.com/pilots/simvars (github.com/synapticsim/docs @4abccfd, 2026-09-25)"
"Electrical System / Control Panel","L:A22X L Gen Off","Bool","Whether the left engine generator switch is selected off","READ","CONTROL_POSITION","MIGRATE_CANDIDATE","GAP G-E1 (engine generator selected)","Switch selected off. Not generator online.","docs.synapticsim.com/pilots/simvars (github.com/synapticsim/docs @4abccfd, 2026-09-25)"
"Electrical System / Control Panel","L:A22X R Gen Off","Bool","Whether the right engine generator switch is selected off","READ","CONTROL_POSITION","MIGRATE_CANDIDATE","GAP G-E1 (engine generator selected)","Switch selected off. Not generator online.","docs.synapticsim.com/pilots/simvars (github.com/synapticsim/docs @4abccfd, 2026-09-25)"
"Electrical System / Control Panel","L:A22X L Eng Fire","Bool","Whether the left engine fire pushbutton has been pressed (cuts power sources feeding the engine and arms extinguishing)","READ","CONTROL_POSITION","MIGRATE_CANDIDATE","Engines[n].FireHandlePulled (fire pushbutton pressed)","Crew action on the fire panel; not detection, not the aural.","docs.synapticsim.com/pilots/simvars (github.com/synapticsim/docs @4abccfd, 2026-09-25)"
"Electrical System / Control Panel","L:A22X R Eng Fire","Bool","Whether the right engine fire pushbutton has been pressed","READ","CONTROL_POSITION","MIGRATE_CANDIDATE","Engines[n].FireHandlePulled (fire pushbutton pressed)","Crew action on the fire panel; not detection, not the aural.","docs.synapticsim.com/pilots/simvars (github.com/synapticsim/docs @4abccfd, 2026-09-25)"
"Electrical System / Control Panel","L:A22X Hyd 1 SOV","Bool","Whether the hydraulic system 1 electric-motor-pump shutoff valve switch is selected on","READ","CONTROL_POSITION","MIGRATE_CANDIDATE","GAP G-H1 (shutoff valve selected)","Switch selected on. Not the valve position.","docs.synapticsim.com/pilots/simvars (github.com/synapticsim/docs @4abccfd, 2026-09-25)"
"Electrical System / Control Panel","L:A22X Hyd 2 SOV","Bool","Whether the hydraulic system 2 electric-motor-pump shutoff valve switch is selected on","READ","CONTROL_POSITION","MIGRATE_CANDIDATE","GAP G-H1 (shutoff valve selected)","Switch selected on. Not the valve position.","docs.synapticsim.com/pilots/simvars (github.com/synapticsim/docs @4abccfd, 2026-09-25)"
"Electrical System / Control Panel","L:A22X Bus Isolation Mode","Enum","The position of the bus isolation selector: 0 = Main, 1 = Auto, 2 = Ess","READ","CONTROL_POSITION","MIGRATE_CANDIDATE","GAP G-E1 (bus isolation selector Main/Auto/Ess)","Selector position, three states.","docs.synapticsim.com/pilots/simvars (github.com/synapticsim/docs @4abccfd, 2026-09-25)"
"Electrical System / External Power","L:INI_GPU_AVAIL","Bool","Whether a ground power unit (GPU) is available to connect to the aircraft","READ","ACTUAL_SYSTEM_STATE","DIAGNOSTIC_ONLY","","Ground power availability (iniBuilds ground services).","docs.synapticsim.com/pilots/simvars (github.com/synapticsim/docs @4abccfd, 2026-09-25)"
"Emergency Locator Transmitter (ELT)","L:A22X Emer Transmitter","Enum","The position of the ELT switch: 0 = Test, 1 = Arm (default), 2 = On","READ","CONTROL_POSITION","NOT_RELEVANT","","Cabin / emergency switch.","docs.synapticsim.com/pilots/simvars (github.com/synapticsim/docs @4abccfd, 2026-09-25)"
"Emergency Locator Transmitter (ELT)","L:A22X Emer Transmitter Test","Bool","Whether the ELT is currently in its self-test state (switch held at Test)","READ","ACTUAL_SYSTEM_STATE","NOT_RELEVANT","","ELT self-test state.","docs.synapticsim.com/pilots/simvars (github.com/synapticsim/docs @4abccfd, 2026-09-25)"
"Integrated Cockpit Control Panel (ICCP) / Remote Data Concentrators","L:A22X RDC Powered","Bool","Whether the Remote Data Concentrators are powered (used to drive korry-light backlighting)","READ","ACTUAL_SYSTEM_STATE","DIAGNOSTIC_ONLY","","Lamp test active / annunciator power: useful to discount lamp readings during a test.","docs.synapticsim.com/pilots/simvars (github.com/synapticsim/docs @4abccfd, 2026-09-25)"
"Integrated Cockpit Control Panel (ICCP) / Remote Data Concentrators","L:A22X Lamp Test","Bool","Whether the annunciator lamp test is active","READ","ACTUAL_SYSTEM_STATE","DIAGNOSTIC_ONLY","","Lamp test active / annunciator power: useful to discount lamp readings during a test.","docs.synapticsim.com/pilots/simvars (github.com/synapticsim/docs @4abccfd, 2026-09-25)"
"Integrated Cockpit Control Panel (ICCP) / Remote Data Concentrators","L:A22X Annun Brightness","Number","The brightness level commanded for the annunciator/korry lights","READ","ACTUAL_SYSTEM_STATE","DIAGNOSTIC_ONLY","","Lamp test active / annunciator power: useful to discount lamp readings during a test.","docs.synapticsim.com/pilots/simvars (github.com/synapticsim/docs @4abccfd, 2026-09-25)"
"Integrated Cockpit Control Panel (ICCP) / Overhead Panel","L:A22X Emer Transmitter","Enum","The position of the ELT switch as monitored by the overhead panel: 0 = Test, 1 = Arm, 2 = On","READ","CONTROL_POSITION","NOT_RELEVANT","","Cabin / emergency switch.","docs.synapticsim.com/pilots/simvars (github.com/synapticsim/docs @4abccfd, 2026-09-25)"
"Integrated Cockpit Control Panel (ICCP) / Overhead Panel","L:A22X Evac","Bool","Whether the cabin evacuation command switch has been activated","READ","CONTROL_POSITION","NOT_RELEVANT","","Cabin / emergency switch.","docs.synapticsim.com/pilots/simvars (github.com/synapticsim/docs @4abccfd, 2026-09-25)"
"Integrated Cockpit Control Panel (ICCP) / Overhead Panel","L:A22X Evac Lamp","Bool","Whether the evacuation command lamp is illuminated","READ","UNKNOWN","AMBIGUOUS","","Annunciator lamp; the documentation does not state whether it follows the switch or the system. Never inferred from the name.","docs.synapticsim.com/pilots/simvars (github.com/synapticsim/docs @4abccfd, 2026-09-25)"
"Integrated Cockpit Control Panel (ICCP) / Overhead Panel","L:A22X L Gen Off","Bool","Whether the left generator switch is selected off, as monitored by the overhead panel","READ","CONTROL_POSITION","MIGRATE_CANDIDATE","GAP G-E1 (engine generator selected)","Switch selected off. Not generator online.","docs.synapticsim.com/pilots/simvars (github.com/synapticsim/docs @4abccfd, 2026-09-25)"
"Integrated Cockpit Control Panel (ICCP) / Overhead Panel","L:A22X L Gen Fail Lamp","Bool","Whether the left generator FAIL lamp is illuminated","READ","FAULT_INDICATION","MIGRATE_CANDIDATE","GAP G-E1 / G-P1 (fault flag per generator, bleed, pack)","FAIL lamp illuminated. A fault indication, not a FailureProvider API (section 41).","docs.synapticsim.com/pilots/simvars (github.com/synapticsim/docs @4abccfd, 2026-09-25)"
"Integrated Cockpit Control Panel (ICCP) / Overhead Panel","L:A22X L Gen Off Lamp","Bool","Whether the left generator OFF lamp is illuminated","READ","UNKNOWN","AMBIGUOUS","","Annunciator lamp; the documentation does not state whether it follows the switch or the system. Never inferred from the name.","docs.synapticsim.com/pilots/simvars (github.com/synapticsim/docs @4abccfd, 2026-09-25)"
"Integrated Cockpit Control Panel (ICCP) / Overhead Panel","L:A22X R Gen Off","Bool","Whether the right generator switch is selected off, as monitored by the overhead panel","READ","CONTROL_POSITION","MIGRATE_CANDIDATE","GAP G-E1 (engine generator selected)","Switch selected off. Not generator online.","docs.synapticsim.com/pilots/simvars (github.com/synapticsim/docs @4abccfd, 2026-09-25)"
"Integrated Cockpit Control Panel (ICCP) / Overhead Panel","L:A22X R Gen Fail Lamp","Bool","Whether the right generator FAIL lamp is illuminated","READ","FAULT_INDICATION","MIGRATE_CANDIDATE","GAP G-E1 / G-P1 (fault flag per generator, bleed, pack)","FAIL lamp illuminated. A fault indication, not a FailureProvider API (section 41).","docs.synapticsim.com/pilots/simvars (github.com/synapticsim/docs @4abccfd, 2026-09-25)"
"Integrated Cockpit Control Panel (ICCP) / Overhead Panel","L:A22X R Gen Off Lamp","Bool","Whether the right generator OFF lamp is illuminated","READ","UNKNOWN","AMBIGUOUS","","Annunciator lamp; the documentation does not state whether it follows the switch or the system. Never inferred from the name.","docs.synapticsim.com/pilots/simvars (github.com/synapticsim/docs @4abccfd, 2026-09-25)"
"Integrated Cockpit Control Panel (ICCP) / Overhead Panel","L:A22X L Gen Disc","Bool","Whether the left generator disconnect switch/guard has been activated","READ","CONTROL_POSITION","DEFER","GAP G-E1 (P2)","Guarded disconnect switch activated.","docs.synapticsim.com/pilots/simvars (github.com/synapticsim/docs @4abccfd, 2026-09-25)"
"Integrated Cockpit Control Panel (ICCP) / Overhead Panel","L:A22X L Gen Oil Lamp","Bool","Whether the left generator disconnect OIL lamp is illuminated","READ","FAULT_INDICATION","DEFER","GAP G-E1 (P2)","Generator disconnect / oil lamp.","docs.synapticsim.com/pilots/simvars (github.com/synapticsim/docs @4abccfd, 2026-09-25)"
"Integrated Cockpit Control Panel (ICCP) / Overhead Panel","L:A22X L Gen Disc Lamp","Bool","Whether the left generator DISC (disconnected) lamp is illuminated","READ","FAULT_INDICATION","DEFER","GAP G-E1 (P2)","Generator disconnect / oil lamp.","docs.synapticsim.com/pilots/simvars (github.com/synapticsim/docs @4abccfd, 2026-09-25)"
"Integrated Cockpit Control Panel (ICCP) / Overhead Panel","L:A22X R Gen Disc","Bool","Whether the right generator disconnect switch/guard has been activated","READ","CONTROL_POSITION","DEFER","GAP G-E1 (P2)","Guarded disconnect switch activated.","docs.synapticsim.com/pilots/simvars (github.com/synapticsim/docs @4abccfd, 2026-09-25)"
"Integrated Cockpit Control Panel (ICCP) / Overhead Panel","L:A22X R Gen Oil Lamp","Bool","Whether the right generator disconnect OIL lamp is illuminated","READ","FAULT_INDICATION","DEFER","GAP G-E1 (P2)","Generator disconnect / oil lamp.","docs.synapticsim.com/pilots/simvars (github.com/synapticsim/docs @4abccfd, 2026-09-25)"
"Integrated Cockpit Control Panel (ICCP) / Overhead Panel","L:A22X R Gen Disc Lamp","Bool","Whether the right generator DISC (disconnected) lamp is illuminated","READ","FAULT_INDICATION","DEFER","GAP G-E1 (P2)","Generator disconnect / oil lamp.","docs.synapticsim.com/pilots/simvars (github.com/synapticsim/docs @4abccfd, 2026-09-25)"
"Integrated Cockpit Control Panel (ICCP) / Overhead Panel","L:A22X APU Gen Off","Bool","Whether the APU generator switch is selected off, as monitored by the overhead panel","READ","CONTROL_POSITION","MIGRATE_CANDIDATE","GAP G-E1 (APU generator selected)","Switch selected off. Not generator online.","docs.synapticsim.com/pilots/simvars (github.com/synapticsim/docs @4abccfd, 2026-09-25)"
"Integrated Cockpit Control Panel (ICCP) / Overhead Panel","L:A22X APU Gen Fail Lamp","Bool","Whether the APU generator FAIL lamp is illuminated","READ","FAULT_INDICATION","MIGRATE_CANDIDATE","GAP G-E1 / G-P1 (fault flag per generator, bleed, pack)","FAIL lamp illuminated. A fault indication, not a FailureProvider API (section 41).","docs.synapticsim.com/pilots/simvars (github.com/synapticsim/docs @4abccfd, 2026-09-25)"
"Integrated Cockpit Control Panel (ICCP) / Overhead Panel","L:A22X APU Gen Off Lamp","Bool","Whether the APU generator OFF lamp is illuminated","READ","UNKNOWN","AMBIGUOUS","","Annunciator lamp; the documentation does not state whether it follows the switch or the system. Never inferred from the name.","docs.synapticsim.com/pilots/simvars (github.com/synapticsim/docs @4abccfd, 2026-09-25)"
"Integrated Cockpit Control Panel (ICCP) / Overhead Panel","L:A22X Cabin Power Off","Bool","Whether the cabin power switch is selected off","READ","CONTROL_POSITION","DEFER","GAP G-E1 (P2)","Switch selected off.","docs.synapticsim.com/pilots/simvars (github.com/synapticsim/docs @4abccfd, 2026-09-25)"
"Integrated Cockpit Control Panel (ICCP) / Overhead Panel","L:A22X Cabin Power Off Lamp","Bool","Whether the cabin power OFF lamp is illuminated","READ","UNKNOWN","AMBIGUOUS","","Annunciator lamp; the documentation does not state whether it follows the switch or the system. Never inferred from the name.","docs.synapticsim.com/pilots/simvars (github.com/synapticsim/docs @4abccfd, 2026-09-25)"
"Integrated Cockpit Control Panel (ICCP) / Overhead Panel","L:A22X Bus Isolation Mode","Enum","The position of the bus isolation selector as monitored by the overhead panel: 0 = Main, 1 = Auto, 2 = Ess","READ","CONTROL_POSITION","MIGRATE_CANDIDATE","GAP G-E1 (bus isolation selector Main/Auto/Ess)","Selector position, three states.","docs.synapticsim.com/pilots/simvars (github.com/synapticsim/docs @4abccfd, 2026-09-25)"
"Integrated Cockpit Control Panel (ICCP) / Overhead Panel","L:A22X L Boost Pump","Enum","The position of the left fuel boost pump switch: 0 = Off, 1 = Auto, 2 = On","READ","CONTROL_POSITION","MIGRATE_CANDIDATE","GAP G-F1 FuelPumpTelemetry.Mode (Off/Auto/On), P0","Switch position 0 Off / 1 Auto / 2 On. AUTO must not be flattened to IsOn.","docs.synapticsim.com/pilots/simvars (github.com/synapticsim/docs @4abccfd, 2026-09-25)"
"Integrated Cockpit Control Panel (ICCP) / Overhead Panel","L:A22X R Boost Pump","Enum","The position of the right fuel boost pump switch: 0 = Off, 1 = Auto, 2 = On","READ","CONTROL_POSITION","MIGRATE_CANDIDATE","GAP G-F1 FuelPumpTelemetry.Mode (Off/Auto/On), P0","Switch position 0 Off / 1 Auto / 2 On. AUTO must not be flattened to IsOn.","docs.synapticsim.com/pilots/simvars (github.com/synapticsim/docs @4abccfd, 2026-09-25)"
"Integrated Cockpit Control Panel (ICCP) / Overhead Panel","L:A22X Manual Transfer","Enum","The position of the manual fuel transfer switch: 0 = Off, 1 = Right, 2 = Center, 3 = Left","READ","CONTROL_POSITION","DEFER","GAP G-F1 (P2)","Fuel transfer control.","docs.synapticsim.com/pilots/simvars (github.com/synapticsim/docs @4abccfd, 2026-09-25)"
"Integrated Cockpit Control Panel (ICCP) / Overhead Panel","L:A22X Gravity Transfer","Bool","Whether the gravity fuel transfer switch/guard has been activated","READ","CONTROL_POSITION","DEFER","GAP G-F1 (P2)","Fuel transfer control.","docs.synapticsim.com/pilots/simvars (github.com/synapticsim/docs @4abccfd, 2026-09-25)"
"Integrated Cockpit Control Panel (ICCP) / Overhead Panel","L:A22X Gravity Transfer Lamp","Bool","Whether the gravity transfer ON lamp is illuminated","READ","UNKNOWN","AMBIGUOUS","","Annunciator lamp; the documentation does not state whether it follows the switch or the system. Never inferred from the name.","docs.synapticsim.com/pilots/simvars (github.com/synapticsim/docs @4abccfd, 2026-09-25)"
"Integrated Cockpit Control Panel (ICCP) / Overhead Panel","L:A22X L Bleed Off","Bool","Whether the left engine bleed switch is selected off","READ","CONTROL_POSITION","MIGRATE_CANDIDATE","GAP G-P1 PneumaticsTelemetry (bleed selected)","Switch selected off.","docs.synapticsim.com/pilots/simvars (github.com/synapticsim/docs @4abccfd, 2026-09-25)"
"Integrated Cockpit Control Panel (ICCP) / Overhead Panel","L:A22X L Bleed Fail Lamp","Bool","Whether the left bleed FAIL lamp is illuminated","READ","FAULT_INDICATION","MIGRATE_CANDIDATE","GAP G-E1 / G-P1 (fault flag per generator, bleed, pack)","FAIL lamp illuminated. A fault indication, not a FailureProvider API (section 41).","docs.synapticsim.com/pilots/simvars (github.com/synapticsim/docs @4abccfd, 2026-09-25)"
"Integrated Cockpit Control Panel (ICCP) / Overhead Panel","L:A22X L Bleed Off Lamp","Bool","Whether the left bleed OFF lamp is illuminated","READ","UNKNOWN","AMBIGUOUS","","Annunciator lamp; the documentation does not state whether it follows the switch or the system. Never inferred from the name.","docs.synapticsim.com/pilots/simvars (github.com/synapticsim/docs @4abccfd, 2026-09-25)"
"Integrated Cockpit Control Panel (ICCP) / Overhead Panel","L:A22X APU Bleed Off","Bool","Whether the APU bleed switch is selected off","READ","CONTROL_POSITION","MIGRATE_CANDIDATE","Apu.BleedOn (selected = not off); GAP G-P1 flow","Switch selected off. Selection, not bleed flow.","docs.synapticsim.com/pilots/simvars (github.com/synapticsim/docs @4abccfd, 2026-09-25)"
"Integrated Cockpit Control Panel (ICCP) / Overhead Panel","L:A22X APU Bleed Fail Lamp","Bool","Whether the APU bleed FAIL lamp is illuminated","READ","FAULT_INDICATION","MIGRATE_CANDIDATE","GAP G-E1 / G-P1 (fault flag per generator, bleed, pack)","FAIL lamp illuminated. A fault indication, not a FailureProvider API (section 41).","docs.synapticsim.com/pilots/simvars (github.com/synapticsim/docs @4abccfd, 2026-09-25)"
"Integrated Cockpit Control Panel (ICCP) / Overhead Panel","L:A22X APU Bleed Off Lamp","Bool","Whether the APU bleed OFF lamp is illuminated","READ","UNKNOWN","AMBIGUOUS","","Annunciator lamp; the documentation does not state whether it follows the switch or the system. Never inferred from the name.","docs.synapticsim.com/pilots/simvars (github.com/synapticsim/docs @4abccfd, 2026-09-25)"
"Integrated Cockpit Control Panel (ICCP) / Overhead Panel","L:A22X Crossbleed","Enum","The position of the crossbleed valve switch: 0 = Closed, 1 = Auto, 2 = Open","READ","CONTROL_POSITION","MIGRATE_CANDIDATE","GAP G-P1 (crossbleed Closed/Auto/Open)","Selector, three states.","docs.synapticsim.com/pilots/simvars (github.com/synapticsim/docs @4abccfd, 2026-09-25)"
"Integrated Cockpit Control Panel (ICCP) / Overhead Panel","L:A22X R Bleed Off","Bool","Whether the right engine bleed switch is selected off","READ","CONTROL_POSITION","MIGRATE_CANDIDATE","GAP G-P1 PneumaticsTelemetry (bleed selected)","Switch selected off.","docs.synapticsim.com/pilots/simvars (github.com/synapticsim/docs @4abccfd, 2026-09-25)"
"Integrated Cockpit Control Panel (ICCP) / Overhead Panel","L:A22X R Bleed Fail Lamp","Bool","Whether the right bleed FAIL lamp is illuminated","READ","FAULT_INDICATION","MIGRATE_CANDIDATE","GAP G-E1 / G-P1 (fault flag per generator, bleed, pack)","FAIL lamp illuminated. A fault indication, not a FailureProvider API (section 41).","docs.synapticsim.com/pilots/simvars (github.com/synapticsim/docs @4abccfd, 2026-09-25)"
"Integrated Cockpit Control Panel (ICCP) / Overhead Panel","L:A22X R Bleed Off Lamp","Bool","Whether the right bleed OFF lamp is illuminated","READ","UNKNOWN","AMBIGUOUS","","Annunciator lamp; the documentation does not state whether it follows the switch or the system. Never inferred from the name.","docs.synapticsim.com/pilots/simvars (github.com/synapticsim/docs @4abccfd, 2026-09-25)"
"Integrated Cockpit Control Panel (ICCP) / Overhead Panel","L:A22X L Pack Off","Bool","Whether the left air conditioning pack switch is selected off","READ","CONTROL_POSITION","MIGRATE_CANDIDATE","GAP G-P1 (pack selected)","Switch selected off.","docs.synapticsim.com/pilots/simvars (github.com/synapticsim/docs @4abccfd, 2026-09-25)"
"Integrated Cockpit Control Panel (ICCP) / Overhead Panel","L:A22X L Pack Fail Lamp","Bool","Whether the left pack FAIL lamp is illuminated","READ","FAULT_INDICATION","MIGRATE_CANDIDATE","GAP G-E1 / G-P1 (fault flag per generator, bleed, pack)","FAIL lamp illuminated. A fault indication, not a FailureProvider API (section 41).","docs.synapticsim.com/pilots/simvars (github.com/synapticsim/docs @4abccfd, 2026-09-25)"
"Integrated Cockpit Control Panel (ICCP) / Overhead Panel","L:A22X L Pack Off Lamp","Bool","Whether the left pack OFF lamp is illuminated","READ","UNKNOWN","AMBIGUOUS","","Annunciator lamp; the documentation does not state whether it follows the switch or the system. Never inferred from the name.","docs.synapticsim.com/pilots/simvars (github.com/synapticsim/docs @4abccfd, 2026-09-25)"
"Integrated Cockpit Control Panel (ICCP) / Overhead Panel","L:A22X R Pack Off","Bool","Whether the right air conditioning pack switch is selected off","READ","CONTROL_POSITION","MIGRATE_CANDIDATE","GAP G-P1 (pack selected)","Switch selected off.","docs.synapticsim.com/pilots/simvars (github.com/synapticsim/docs @4abccfd, 2026-09-25)"
"Integrated Cockpit Control Panel (ICCP) / Overhead Panel","L:A22X R Pack Fail Lamp","Bool","Whether the right pack FAIL lamp is illuminated","READ","FAULT_INDICATION","MIGRATE_CANDIDATE","GAP G-E1 / G-P1 (fault flag per generator, bleed, pack)","FAIL lamp illuminated. A fault indication, not a FailureProvider API (section 41).","docs.synapticsim.com/pilots/simvars (github.com/synapticsim/docs @4abccfd, 2026-09-25)"
"Integrated Cockpit Control Panel (ICCP) / Overhead Panel","L:A22X R Pack Off Lamp","Bool","Whether the right pack OFF lamp is illuminated","READ","UNKNOWN","AMBIGUOUS","","Annunciator lamp; the documentation does not state whether it follows the switch or the system. Never inferred from the name.","docs.synapticsim.com/pilots/simvars (github.com/synapticsim/docs @4abccfd, 2026-09-25)"
"Integrated Cockpit Control Panel (ICCP) / Overhead Panel","L:A22X Pack Flow","Bool","Whether the pack flow selector is set to the high-flow position","READ","CONTROL_POSITION","DEFER","GAP G-P1 (P2)","Air conditioning control; no consumer need identified.","docs.synapticsim.com/pilots/simvars (github.com/synapticsim/docs @4abccfd, 2026-09-25)"
"Integrated Cockpit Control Panel (ICCP) / Overhead Panel","L:A22X Pack Flow Lamp","Bool","Whether the pack flow HI lamp is illuminated","READ","UNKNOWN","AMBIGUOUS","","Annunciator lamp; the documentation does not state whether it follows the switch or the system. Never inferred from the name.","docs.synapticsim.com/pilots/simvars (github.com/synapticsim/docs @4abccfd, 2026-09-25)"
"Integrated Cockpit Control Panel (ICCP) / Overhead Panel","L:A22X Ram Air","Bool","Whether the ram air switch/guard has been activated","READ","CONTROL_POSITION","DEFER","GAP G-P1 (P2)","Air conditioning control; no consumer need identified.","docs.synapticsim.com/pilots/simvars (github.com/synapticsim/docs @4abccfd, 2026-09-25)"
"Integrated Cockpit Control Panel (ICCP) / Overhead Panel","L:A22X Ram Air Lamp","Bool","Whether the ram air OPEN lamp is illuminated","READ","UNKNOWN","AMBIGUOUS","","Annunciator lamp; the documentation does not state whether it follows the switch or the system. Never inferred from the name.","docs.synapticsim.com/pilots/simvars (github.com/synapticsim/docs @4abccfd, 2026-09-25)"
"Integrated Cockpit Control Panel (ICCP) / Overhead Panel","L:A22X Trim Air Off","Bool","Whether the trim air switch is selected off","READ","CONTROL_POSITION","DEFER","GAP G-P1 (P2)","Air conditioning control; no consumer need identified.","docs.synapticsim.com/pilots/simvars (github.com/synapticsim/docs @4abccfd, 2026-09-25)"
"Integrated Cockpit Control Panel (ICCP) / Overhead Panel","L:A22X Trim Air Off Lamp","Bool","Whether the trim air OFF lamp is illuminated","READ","UNKNOWN","AMBIGUOUS","","Annunciator lamp; the documentation does not state whether it follows the switch or the system. Never inferred from the name.","docs.synapticsim.com/pilots/simvars (github.com/synapticsim/docs @4abccfd, 2026-09-25)"
"Integrated Cockpit Control Panel (ICCP) / Overhead Panel","L:A22X Cockpit Air","Percent over 100","The commanded position of the cockpit air temperature knob","READ","CONTROL_POSITION","DEFER","GAP G-P1 (P2)","Air conditioning control; no consumer need identified.","docs.synapticsim.com/pilots/simvars (github.com/synapticsim/docs @4abccfd, 2026-09-25)"
"Integrated Cockpit Control Panel (ICCP) / Overhead Panel","L:A22X Fwd Cabin Air","Percent over 100","The commanded position of the forward cabin air temperature knob","READ","CONTROL_POSITION","DEFER","GAP G-P1 (P2)","Air conditioning control; no consumer need identified.","docs.synapticsim.com/pilots/simvars (github.com/synapticsim/docs @4abccfd, 2026-09-25)"
"Integrated Cockpit Control Panel (ICCP) / Overhead Panel","L:A22X Aft Cabin Air","Percent over 100","The commanded position of the aft cabin air temperature knob","READ","CONTROL_POSITION","DEFER","GAP G-P1 (P2)","Air conditioning control; no consumer need identified.","docs.synapticsim.com/pilots/simvars (github.com/synapticsim/docs @4abccfd, 2026-09-25)"
"Integrated Cockpit Control Panel (ICCP) / Overhead Panel","L:A22X Fwd Cargo Air","Enum","The position of the forward cargo air switch: 0 = Off, 1 = Vent, 2 = Lo Heat, 3 = Hi Heat","READ","CONTROL_POSITION","DEFER","GAP G-P1 (P2)","Air conditioning control; no consumer need identified.","docs.synapticsim.com/pilots/simvars (github.com/synapticsim/docs @4abccfd, 2026-09-25)"
"Integrated Cockpit Control Panel (ICCP) / Overhead Panel","L:A22X Aft Cargo Air","Enum","The position of the aft cargo air switch: 0 = Off, 1 = Vent","READ","CONTROL_POSITION","DEFER","GAP G-P1 (P2)","Air conditioning control; no consumer need identified.","docs.synapticsim.com/pilots/simvars (github.com/synapticsim/docs @4abccfd, 2026-09-25)"
"Integrated Cockpit Control Panel (ICCP) / Overhead Panel","L:A22X Manual Temperature","Bool","Whether manual cabin temperature control mode has been selected","READ","CONTROL_POSITION","DEFER","GAP G-P1 (P2)","Air conditioning control; no consumer need identified.","docs.synapticsim.com/pilots/simvars (github.com/synapticsim/docs @4abccfd, 2026-09-25)"
"Integrated Cockpit Control Panel (ICCP) / Overhead Panel","L:A22X Manual Temperature Lamp","Bool","Whether the manual temperature control ON lamp is illuminated","READ","UNKNOWN","AMBIGUOUS","","Annunciator lamp; the documentation does not state whether it follows the switch or the system. Never inferred from the name.","docs.synapticsim.com/pilots/simvars (github.com/synapticsim/docs @4abccfd, 2026-09-25)"
"Integrated Cockpit Control Panel (ICCP) / Overhead Panel","L:A22X Recirc Air Off","Bool","Whether the recirculation fan switch is selected off","READ","CONTROL_POSITION","DEFER","GAP G-P1 (P2)","Air conditioning control; no consumer need identified.","docs.synapticsim.com/pilots/simvars (github.com/synapticsim/docs @4abccfd, 2026-09-25)"
"Integrated Cockpit Control Panel (ICCP) / Overhead Panel","L:A22X Recirc Air Off Lamp","Bool","Whether the recirculation air OFF lamp is illuminated","READ","UNKNOWN","AMBIGUOUS","","Annunciator lamp; the documentation does not state whether it follows the switch or the system. Never inferred from the name.","docs.synapticsim.com/pilots/simvars (github.com/synapticsim/docs @4abccfd, 2026-09-25)"
"Integrated Cockpit Control Panel (ICCP) / Overhead Panel","L:A22X Emergency Depress","Bool","Whether the emergency depressurization switch/guard has been activated","READ","CONTROL_POSITION","DEFER","","Pressurization / cabin control; no cabin altitude source here.","docs.synapticsim.com/pilots/simvars (github.com/synapticsim/docs @4abccfd, 2026-09-25)"
"Integrated Cockpit Control Panel (ICCP) / Overhead Panel","L:A22X Emergency Depress Lamp","Bool","Whether the emergency depressurization ON lamp is illuminated","READ","UNKNOWN","AMBIGUOUS","","Annunciator lamp; the documentation does not state whether it follows the switch or the system. Never inferred from the name.","docs.synapticsim.com/pilots/simvars (github.com/synapticsim/docs @4abccfd, 2026-09-25)"
"Integrated Cockpit Control Panel (ICCP) / Overhead Panel","L:A22X Man Press","Bool","Whether manual cabin pressurization control mode has been selected","READ","CONTROL_POSITION","DEFER","","Pressurization / cabin control; no cabin altitude source here.","docs.synapticsim.com/pilots/simvars (github.com/synapticsim/docs @4abccfd, 2026-09-25)"
"Integrated Cockpit Control Panel (ICCP) / Overhead Panel","L:A22X Auto Press Fail Lamp","Bool","Whether the automatic pressurization FAIL lamp is illuminated","READ","FAULT_INDICATION","DEFER","","Pressurization controller fault lamp. No current field.","docs.synapticsim.com/pilots/simvars (github.com/synapticsim/docs @4abccfd, 2026-09-25)"
"Integrated Cockpit Control Panel (ICCP) / Overhead Panel","L:A22X Man Press Lamp","Bool","Whether the manual pressurization mode lamp is illuminated","READ","UNKNOWN","AMBIGUOUS","","Annunciator lamp; the documentation does not state whether it follows the switch or the system. Never inferred from the name.","docs.synapticsim.com/pilots/simvars (github.com/synapticsim/docs @4abccfd, 2026-09-25)"
"Integrated Cockpit Control Panel (ICCP) / Overhead Panel","L:A22X Ditching","Bool","Whether the ditching mode switch/guard has been activated (seals cabin outflow/inflow valves for a water landing)","READ","CONTROL_POSITION","DEFER","","Pressurization / cabin control; no cabin altitude source here.","docs.synapticsim.com/pilots/simvars (github.com/synapticsim/docs @4abccfd, 2026-09-25)"
"Integrated Cockpit Control Panel (ICCP) / Overhead Panel","L:A22X Ditching Lamp","Bool","Whether the ditching mode ON lamp is illuminated","READ","UNKNOWN","AMBIGUOUS","","Annunciator lamp; the documentation does not state whether it follows the switch or the system. Never inferred from the name.","docs.synapticsim.com/pilots/simvars (github.com/synapticsim/docs @4abccfd, 2026-09-25)"
"Integrated Cockpit Control Panel (ICCP) / Overhead Panel","L:A22X Passenger Oxygen","Bool","Whether the passenger oxygen masks have been manually deployed","READ","CONTROL_POSITION","DEFER","","Pressurization / cabin control; no cabin altitude source here.","docs.synapticsim.com/pilots/simvars (github.com/synapticsim/docs @4abccfd, 2026-09-25)"
"Integrated Cockpit Control Panel (ICCP) / Overhead Panel","L:A22X Passenger Oxygen Lamp","Bool","Whether the passenger oxygen deployed lamp is illuminated","READ","UNKNOWN","AMBIGUOUS","","Annunciator lamp; the documentation does not state whether it follows the switch or the system. Never inferred from the name.","docs.synapticsim.com/pilots/simvars (github.com/synapticsim/docs @4abccfd, 2026-09-25)"
"Integrated Cockpit Control Panel (ICCP) / Overhead Panel","L:A22X Manual Rate","Percent over 100","The commanded position of the manual cabin pressurization rate knob","READ","CONTROL_POSITION","DEFER","","Pressurization / cabin control; no cabin altitude source here.","docs.synapticsim.com/pilots/simvars (github.com/synapticsim/docs @4abccfd, 2026-09-25)"
"Integrated Cockpit Control Panel (ICCP) / Overhead Panel","L:A22X L Cowl Anti Ice","Enum","The position of the left engine cowl anti-ice switch: 0 = Off, 1 = Auto, 2 = On","READ","CONTROL_POSITION","MIGRATE_CANDIDATE","GAP G-I1 AntiIceTelemetry mode (Off/Auto/On), P1","Selector, three states.","docs.synapticsim.com/pilots/simvars (github.com/synapticsim/docs @4abccfd, 2026-09-25)"
"Integrated Cockpit Control Panel (ICCP) / Overhead Panel","L:A22X R Cowl Anti Ice","Enum","The position of the right engine cowl anti-ice switch: 0 = Off, 1 = Auto, 2 = On","READ","CONTROL_POSITION","MIGRATE_CANDIDATE","GAP G-I1 AntiIceTelemetry mode (Off/Auto/On), P1","Selector, three states.","docs.synapticsim.com/pilots/simvars (github.com/synapticsim/docs @4abccfd, 2026-09-25)"
"Integrated Cockpit Control Panel (ICCP) / Overhead Panel","L:A22X Wing Anti Ice","Enum","The position of the wing anti-ice switch: 0 = Off, 1 = Auto, 2 = On","READ","CONTROL_POSITION","MIGRATE_CANDIDATE","GAP G-I1 AntiIceTelemetry mode (Off/Auto/On), P1","Selector, three states.","docs.synapticsim.com/pilots/simvars (github.com/synapticsim/docs @4abccfd, 2026-09-25)"
"Integrated Cockpit Control Panel (ICCP) / Overhead Panel","L:A22X Probe Heat","Bool","Read/write: whether the pitot/static probe heat switch is on; the ICCP also clears this back to off itself each tick (ground probe-heat test pulse)","READ_WRITE","UNKNOWN","AMBIGUOUS","GAP G-I1 AntiIce","Documented as read/write AND cleared back to off by the ICCP each tick (ground test pulse): a read may not reflect the switch. Live check required.","docs.synapticsim.com/pilots/simvars (github.com/synapticsim/docs @4abccfd, 2026-09-25)"
"Integrated Cockpit Control Panel (ICCP) / Overhead Panel","L:A22X Probe Heat Lamp","Bool","Whether the probe heat ground-test lamp is illuminated","READ","UNKNOWN","AMBIGUOUS","","Ground-test lamp; driver not documented.","docs.synapticsim.com/pilots/simvars (github.com/synapticsim/docs @4abccfd, 2026-09-25)"
"Integrated Cockpit Control Panel (ICCP) / Overhead Panel","L:A22X L Side Window Heat Off","Bool","Whether the left side window heat switch is selected off","READ","CONTROL_POSITION","DEFER","GAP G-I1 (P2)","Switch selected off.","docs.synapticsim.com/pilots/simvars (github.com/synapticsim/docs @4abccfd, 2026-09-25)"
"Integrated Cockpit Control Panel (ICCP) / Overhead Panel","L:A22X L Side Window Heat Off Lamp","Bool","Whether the left side window heat OFF lamp is illuminated","READ","UNKNOWN","AMBIGUOUS","","Annunciator lamp; the documentation does not state whether it follows the switch or the system. Never inferred from the name.","docs.synapticsim.com/pilots/simvars (github.com/synapticsim/docs @4abccfd, 2026-09-25)"
"Integrated Cockpit Control Panel (ICCP) / Overhead Panel","L:A22X R Side Window Heat Off","Bool","Whether the right side window heat switch is selected off","READ","CONTROL_POSITION","DEFER","GAP G-I1 (P2)","Switch selected off.","docs.synapticsim.com/pilots/simvars (github.com/synapticsim/docs @4abccfd, 2026-09-25)"
"Integrated Cockpit Control Panel (ICCP) / Overhead Panel","L:A22X R Side Window Heat Off Lamp","Bool","Whether the right side window heat OFF lamp is illuminated","READ","UNKNOWN","AMBIGUOUS","","Annunciator lamp; the documentation does not state whether it follows the switch or the system. Never inferred from the name.","docs.synapticsim.com/pilots/simvars (github.com/synapticsim/docs @4abccfd, 2026-09-25)"
"Integrated Cockpit Control Panel (ICCP) / Overhead Panel","L:A22X L Windshield Heat Off","Bool","Whether the left windshield heat switch is selected off","READ","CONTROL_POSITION","DEFER","GAP G-I1 (P2)","Switch selected off.","docs.synapticsim.com/pilots/simvars (github.com/synapticsim/docs @4abccfd, 2026-09-25)"
"Integrated Cockpit Control Panel (ICCP) / Overhead Panel","L:A22X L Windshield Heat Off Lamp","Bool","Whether the left windshield heat OFF lamp is illuminated","READ","UNKNOWN","AMBIGUOUS","","Annunciator lamp; the documentation does not state whether it follows the switch or the system. Never inferred from the name.","docs.synapticsim.com/pilots/simvars (github.com/synapticsim/docs @4abccfd, 2026-09-25)"
"Integrated Cockpit Control Panel (ICCP) / Overhead Panel","L:A22X R Windshield Heat Off","Bool","Whether the right windshield heat switch is selected off","READ","CONTROL_POSITION","DEFER","GAP G-I1 (P2)","Switch selected off.","docs.synapticsim.com/pilots/simvars (github.com/synapticsim/docs @4abccfd, 2026-09-25)"
"Integrated Cockpit Control Panel (ICCP) / Overhead Panel","L:A22X R Windshield Heat Off Lamp","Bool","Whether the right windshield heat OFF lamp is illuminated","READ","UNKNOWN","AMBIGUOUS","","Annunciator lamp; the documentation does not state whether it follows the switch or the system. Never inferred from the name.","docs.synapticsim.com/pilots/simvars (github.com/synapticsim/docs @4abccfd, 2026-09-25)"
"Integrated Cockpit Control Panel (ICCP) / Overhead Panel","L:A22X APU Switch","Enum","The position of the APU control switch: 0 = Off, 1 = Run, 2 = Start","READ","CONTROL_POSITION","MIGRATE_CANDIDATE","Apu.MasterSwitchOn (Run or Start = on); GAP G-U1 selector mode","Selector 0 Off / 1 Run / 2 Start. Not the APU operating state.","docs.synapticsim.com/pilots/simvars (github.com/synapticsim/docs @4abccfd, 2026-09-25)"
"Integrated Cockpit Control Panel (ICCP) / Overhead Panel","L:A22X PTU","Enum","The position of the power transfer unit pump switch: 0 = Off, 1 = Auto, 2 = On","READ","CONTROL_POSITION","MIGRATE_CANDIDATE","GAP G-H1 hydraulic pump selector mode (Off/Auto/On)","Selector position. Never a pressure (section 29).","docs.synapticsim.com/pilots/simvars (github.com/synapticsim/docs @4abccfd, 2026-09-25)"
"Integrated Cockpit Control Panel (ICCP) / Overhead Panel","L:A22X ACMP 2B","Enum","The position of the AC motor pump 2B switch: 0 = Off, 1 = Auto, 2 = On","READ","CONTROL_POSITION","MIGRATE_CANDIDATE","GAP G-H1 hydraulic pump selector mode (Off/Auto/On)","Selector position. Never a pressure (section 29).","docs.synapticsim.com/pilots/simvars (github.com/synapticsim/docs @4abccfd, 2026-09-25)"
"Integrated Cockpit Control Panel (ICCP) / Overhead Panel","L:A22X ACMP 3A","Enum","The position of the AC motor pump 3A switch: 0 = Off, 1 = Auto, 2 = On","READ","CONTROL_POSITION","MIGRATE_CANDIDATE","GAP G-H1 hydraulic pump selector mode (Off/Auto/On)","Selector position. Never a pressure (section 29).","docs.synapticsim.com/pilots/simvars (github.com/synapticsim/docs @4abccfd, 2026-09-25)"
"Integrated Cockpit Control Panel (ICCP) / Overhead Panel","L:A22X ACMP 3B","Enum","The position of the AC motor pump 3B switch: 0 = Off, 1 = Auto, 2 = On","READ","CONTROL_POSITION","MIGRATE_CANDIDATE","GAP G-H1 hydraulic pump selector mode (Off/Auto/On)","Selector position. Never a pressure (section 29).","docs.synapticsim.com/pilots/simvars (github.com/synapticsim/docs @4abccfd, 2026-09-25)"
"Integrated Cockpit Control Panel (ICCP) / Overhead Panel","L:A22X Hyd 1 SOV","Bool","Whether the hydraulic system 1 shutoff valve switch is selected on, as monitored by the overhead panel","READ","CONTROL_POSITION","MIGRATE_CANDIDATE","GAP G-H1 (shutoff valve selected)","Switch selected on. Not the valve position.","docs.synapticsim.com/pilots/simvars (github.com/synapticsim/docs @4abccfd, 2026-09-25)"
"Integrated Cockpit Control Panel (ICCP) / Overhead Panel","L:A22X Hyd 1 SOV Lamp","Bool","Whether the hydraulic 1 SOV CLOSED lamp is illuminated","READ","UNKNOWN","AMBIGUOUS","","Annunciator lamp; the documentation does not state whether it follows the switch or the system. Never inferred from the name.","docs.synapticsim.com/pilots/simvars (github.com/synapticsim/docs @4abccfd, 2026-09-25)"
"Integrated Cockpit Control Panel (ICCP) / Overhead Panel","L:A22X Hyd 2 SOV","Bool","Whether the hydraulic system 2 shutoff valve switch is selected on, as monitored by the overhead panel","READ","CONTROL_POSITION","MIGRATE_CANDIDATE","GAP G-H1 (shutoff valve selected)","Switch selected on. Not the valve position.","docs.synapticsim.com/pilots/simvars (github.com/synapticsim/docs @4abccfd, 2026-09-25)"
"Integrated Cockpit Control Panel (ICCP) / Overhead Panel","L:A22X Hyd 2 SOV Lamp","Bool","Whether the hydraulic 2 SOV CLOSED lamp is illuminated","READ","UNKNOWN","AMBIGUOUS","","Annunciator lamp; the documentation does not state whether it follows the switch or the system. Never inferred from the name.","docs.synapticsim.com/pilots/simvars (github.com/synapticsim/docs @4abccfd, 2026-09-25)"
"Integrated Cockpit Control Panel (ICCP) / Overhead Panel","L:A22X PFCC 1 Off","Bool","Whether primary flight control computer 1's power switch is selected off","READ","CONTROL_POSITION","DEFER","","Flight control computer power switch.","docs.synapticsim.com/pilots/simvars (github.com/synapticsim/docs @4abccfd, 2026-09-25)"
"Integrated Cockpit Control Panel (ICCP) / Overhead Panel","L:A22X PFCC 1 Off Lamp","Bool","Whether the PFCC 1 OFF lamp is illuminated","READ","UNKNOWN","AMBIGUOUS","","Annunciator lamp; the documentation does not state whether it follows the switch or the system. Never inferred from the name.","docs.synapticsim.com/pilots/simvars (github.com/synapticsim/docs @4abccfd, 2026-09-25)"
"Integrated Cockpit Control Panel (ICCP) / Overhead Panel","L:A22X PFCC 2 Off","Bool","Whether primary flight control computer 2's power switch is selected off","READ","CONTROL_POSITION","DEFER","","Flight control computer power switch.","docs.synapticsim.com/pilots/simvars (github.com/synapticsim/docs @4abccfd, 2026-09-25)"
"Integrated Cockpit Control Panel (ICCP) / Overhead Panel","L:A22X PFCC 2 Off Lamp","Bool","Whether the PFCC 2 OFF lamp is illuminated","READ","UNKNOWN","AMBIGUOUS","","Annunciator lamp; the documentation does not state whether it follows the switch or the system. Never inferred from the name.","docs.synapticsim.com/pilots/simvars (github.com/synapticsim/docs @4abccfd, 2026-09-25)"
"Integrated Cockpit Control Panel (ICCP) / Overhead Panel","L:A22X PFCC 3 Off","Bool","Whether primary flight control computer 3's power switch is selected off","READ","CONTROL_POSITION","DEFER","","Flight control computer power switch.","docs.synapticsim.com/pilots/simvars (github.com/synapticsim/docs @4abccfd, 2026-09-25)"
"Integrated Cockpit Control Panel (ICCP) / Overhead Panel","L:A22X PFCC 3 Off Lamp","Bool","Whether the PFCC 3 OFF lamp is illuminated","READ","UNKNOWN","AMBIGUOUS","","Annunciator lamp; the documentation does not state whether it follows the switch or the system. Never inferred from the name.","docs.synapticsim.com/pilots/simvars (github.com/synapticsim/docs @4abccfd, 2026-09-25)"
"Integrated Cockpit Control Panel (ICCP) / Overhead Panel","L:A22X Dome Lights","Bool","Whether the cockpit dome light switch is on","READ","CONTROL_POSITION","NOT_RELEVANT","","Lighting / display control.","docs.synapticsim.com/pilots/simvars (github.com/synapticsim/docs @4abccfd, 2026-09-25)"
"Integrated Cockpit Control Panel (ICCP) / Overhead Panel","L:A22X Annun Lights","Enum","The position of the annunciator light brightness switch: 0 = Dim, 1 = Bright, 2 = Storm","READ","CONTROL_POSITION","NOT_RELEVANT","","Lighting / display control.","docs.synapticsim.com/pilots/simvars (github.com/synapticsim/docs @4abccfd, 2026-09-25)"
"Integrated Cockpit Control Panel (ICCP) / Overhead Panel","L:A22X Nav Lights","Bool","Whether the navigation lights switch is on","READ","CONTROL_POSITION","DEFER","","Exterior light switch. A future ExteriorLights section could carry it; no consumer today.","docs.synapticsim.com/pilots/simvars (github.com/synapticsim/docs @4abccfd, 2026-09-25)"
"Integrated Cockpit Control Panel (ICCP) / Overhead Panel","L:A22X Beacon Lights","Bool","Whether the beacon lights switch is on","READ","CONTROL_POSITION","DEFER","","Exterior light switch. A future ExteriorLights section could carry it; no consumer today.","docs.synapticsim.com/pilots/simvars (github.com/synapticsim/docs @4abccfd, 2026-09-25)"
"Integrated Cockpit Control Panel (ICCP) / Overhead Panel","L:A22X Strobe Lights","Bool","Whether the strobe lights switch is on","READ","CONTROL_POSITION","DEFER","","Exterior light switch. A future ExteriorLights section could carry it; no consumer today.","docs.synapticsim.com/pilots/simvars (github.com/synapticsim/docs @4abccfd, 2026-09-25)"
"Integrated Cockpit Control Panel (ICCP) / Overhead Panel","L:A22X Logo Lights","Bool","Whether the logo lights switch is on","READ","CONTROL_POSITION","DEFER","","Exterior light switch. A future ExteriorLights section could carry it; no consumer today.","docs.synapticsim.com/pilots/simvars (github.com/synapticsim/docs @4abccfd, 2026-09-25)"
"Integrated Cockpit Control Panel (ICCP) / Overhead Panel","L:A22X Wing Insp Lights","Bool","Whether the wing inspection lights switch is on","READ","CONTROL_POSITION","DEFER","","Exterior light switch. A future ExteriorLights section could carry it; no consumer today.","docs.synapticsim.com/pilots/simvars (github.com/synapticsim/docs @4abccfd, 2026-09-25)"
"Integrated Cockpit Control Panel (ICCP) / Overhead Panel","L:A22X Taxi Lights","Enum","The position of the taxi light switch: 0 = Off, 1 = Narrow, 2 = Wide","READ","CONTROL_POSITION","DEFER","","Exterior light switch. A future ExteriorLights section could carry it; no consumer today.","docs.synapticsim.com/pilots/simvars (github.com/synapticsim/docs @4abccfd, 2026-09-25)"
"Integrated Cockpit Control Panel (ICCP) / Overhead Panel","L:A22X L Landing Lights","Bool","Whether the left landing light switch is on","READ","CONTROL_POSITION","DEFER","","Exterior light switch. A future ExteriorLights section could carry it; no consumer today.","docs.synapticsim.com/pilots/simvars (github.com/synapticsim/docs @4abccfd, 2026-09-25)"
"Integrated Cockpit Control Panel (ICCP) / Overhead Panel","L:A22X R Landing Lights","Bool","Whether the right landing light switch is on","READ","CONTROL_POSITION","DEFER","","Exterior light switch. A future ExteriorLights section could carry it; no consumer today.","docs.synapticsim.com/pilots/simvars (github.com/synapticsim/docs @4abccfd, 2026-09-25)"
"Integrated Cockpit Control Panel (ICCP) / Overhead Panel","L:A22X Nose Landing Lights","Bool","Whether the nose landing light switch is on","READ","CONTROL_POSITION","DEFER","","Exterior light switch. A future ExteriorLights section could carry it; no consumer today.","docs.synapticsim.com/pilots/simvars (github.com/synapticsim/docs @4abccfd, 2026-09-25)"
"Integrated Cockpit Control Panel (ICCP) / Overhead Panel","L:A22X Emergency Lights","Enum","The position of the emergency lights switch: 0 = Off, 1 = Arm, 2 = On","READ","CONTROL_POSITION","NOT_RELEVANT","","Cabin / emergency switch.","docs.synapticsim.com/pilots/simvars (github.com/synapticsim/docs @4abccfd, 2026-09-25)"
"Integrated Cockpit Control Panel (ICCP) / Overhead Panel","L:A22X Seat Belt Lights","Enum","The position of the seat belt sign switch: 0 = Off, 1 = Auto, 2 = On","READ","CONTROL_POSITION","NOT_RELEVANT","","Cabin / emergency switch.","docs.synapticsim.com/pilots/simvars (github.com/synapticsim/docs @4abccfd, 2026-09-25)"
"Integrated Cockpit Control Panel (ICCP) / Overhead Panel","L:A22X No PED Lights","Enum","The position of the no portable electronic devices sign switch: 0 = Off, 1 = Auto, 2 = On","READ","CONTROL_POSITION","NOT_RELEVANT","","Cabin / emergency switch.","docs.synapticsim.com/pilots/simvars (github.com/synapticsim/docs @4abccfd, 2026-09-25)"
"Integrated Cockpit Control Panel (ICCP) / Overhead Panel","L:A22X Aural Warn Inhibit","Bool","Whether the aural warning inhibit switch is active","READ","EVENT","NOT_RELEVANT","","Callout, tone, test or procedural aural. Not telemetry.","docs.synapticsim.com/pilots/simvars (github.com/synapticsim/docs @4abccfd, 2026-09-25)"
"Integrated Cockpit Control Panel (ICCP) / Overhead Panel","L:A22X Aural Warn Inhibit Lamp","Bool","Whether the aural warning inhibit lamp is illuminated","READ","EVENT","NOT_RELEVANT","","Callout, tone, test or procedural aural. Not telemetry.","docs.synapticsim.com/pilots/simvars (github.com/synapticsim/docs @4abccfd, 2026-09-25)"
"Integrated Cockpit Control Panel (ICCP) / Overhead Panel","L:A22X TAWS Gear Inhibit","Bool","Whether the TAWS gear warning inhibit switch is active","READ","CONTROL_POSITION","DEFER","","Warning inhibit switch.","docs.synapticsim.com/pilots/simvars (github.com/synapticsim/docs @4abccfd, 2026-09-25)"
"Integrated Cockpit Control Panel (ICCP) / Overhead Panel","L:A22X TAWS Gear Inhibit Lamp","Bool","Whether the TAWS gear inhibit lamp is illuminated","READ","UNKNOWN","AMBIGUOUS","","Annunciator lamp; the documentation does not state whether it follows the switch or the system. Never inferred from the name.","docs.synapticsim.com/pilots/simvars (github.com/synapticsim/docs @4abccfd, 2026-09-25)"
"Integrated Cockpit Control Panel (ICCP) / Overhead Panel","L:A22X TAWS Terrain Inhibit","Bool","Whether the TAWS terrain warning inhibit switch is active","READ","CONTROL_POSITION","DEFER","","Warning inhibit switch.","docs.synapticsim.com/pilots/simvars (github.com/synapticsim/docs @4abccfd, 2026-09-25)"
"Integrated Cockpit Control Panel (ICCP) / Overhead Panel","L:A22X TAWS Terrain Inhibit Lamp","Bool","Whether the TAWS terrain inhibit lamp is illuminated","READ","UNKNOWN","AMBIGUOUS","","Annunciator lamp; the documentation does not state whether it follows the switch or the system. Never inferred from the name.","docs.synapticsim.com/pilots/simvars (github.com/synapticsim/docs @4abccfd, 2026-09-25)"
"Integrated Cockpit Control Panel (ICCP) / Overhead Panel","L:A22X TAWS Flaps Inhibit","Bool","Whether the TAWS flaps warning inhibit switch is active","READ","CONTROL_POSITION","DEFER","","Warning inhibit switch.","docs.synapticsim.com/pilots/simvars (github.com/synapticsim/docs @4abccfd, 2026-09-25)"
"Integrated Cockpit Control Panel (ICCP) / Overhead Panel","L:A22X TAWS Flaps Inhibit Lamp","Bool","Whether the TAWS flaps inhibit lamp is illuminated","READ","UNKNOWN","AMBIGUOUS","","Annunciator lamp; the documentation does not state whether it follows the switch or the system. Never inferred from the name.","docs.synapticsim.com/pilots/simvars (github.com/synapticsim/docs @4abccfd, 2026-09-25)"
"Integrated Cockpit Control Panel (ICCP) / Overhead Panel","L:A22X TAWS GS Inhibit","Bool","Whether the TAWS glideslope warning inhibit switch is active","READ","CONTROL_POSITION","DEFER","","Warning inhibit switch.","docs.synapticsim.com/pilots/simvars (github.com/synapticsim/docs @4abccfd, 2026-09-25)"
"Integrated Cockpit Control Panel (ICCP) / Overhead Panel","L:A22X TAWS GS Inhibit Lamp","Bool","Whether the TAWS glideslope inhibit lamp is illuminated","READ","UNKNOWN","AMBIGUOUS","","Annunciator lamp; the documentation does not state whether it follows the switch or the system. Never inferred from the name.","docs.synapticsim.com/pilots/simvars (github.com/synapticsim/docs @4abccfd, 2026-09-25)"
"Integrated Cockpit Control Panel (ICCP) / Lighting/Door Panel","L:A22X Parking Brake","Bool","Whether the parking brake handle is set, as monitored by the lighting/door panel (used to enable ground-only functions like the cabin door lights)","READ","CONTROL_POSITION","MIGRATE_CANDIDATE","GAP G-B1 LandingGear.ParkingBrakeSet, P1","Commanded on. Stock BRAKE PARKING POSITION is the generic candidate to compare live.","docs.synapticsim.com/pilots/simvars (github.com/synapticsim/docs @4abccfd, 2026-09-25)"
"Integrated Cockpit Control Panel (ICCP) / Engine Panel","L:A22X Continuous Ignition","Bool","Whether the continuous ignition switch is on","READ","CONTROL_POSITION","DEFER","","Engine panel control.","docs.synapticsim.com/pilots/simvars (github.com/synapticsim/docs @4abccfd, 2026-09-25)"
"Integrated Cockpit Control Panel (ICCP) / Engine Panel","L:A22X Continuous Ignition Lamp","Bool","Whether the continuous ignition ON lamp is illuminated","READ","UNKNOWN","AMBIGUOUS","","Annunciator lamp; the documentation does not state whether it follows the switch or the system. Never inferred from the name.","docs.synapticsim.com/pilots/simvars (github.com/synapticsim/docs @4abccfd, 2026-09-25)"
"Integrated Cockpit Control Panel (ICCP) / Engine Panel","L:A22X Eng Start Mode","Enum","The position of the engine start mode selector: 0 = L Eng Crank, 1 = Auto, 2 = R Eng Crank","READ","CONTROL_POSITION","DEFER","","Engine panel control.","docs.synapticsim.com/pilots/simvars (github.com/synapticsim/docs @4abccfd, 2026-09-25)"
"Integrated Cockpit Control Panel (ICCP) / Landing Gear Panel","L:A22X Alternate Gear","Bool","Whether the alternate (emergency) gear extension handle has been pulled","READ","CONTROL_POSITION","DEFER","","Alternate / reversion control; no consumer need identified.","docs.synapticsim.com/pilots/simvars (github.com/synapticsim/docs @4abccfd, 2026-09-25)"
"Integrated Cockpit Control Panel (ICCP) / Landing Gear Panel","L:A22X Gear Aural","Bool","Read/write: whether the landing gear aural warning has sounded; also used to signal a cancel of the warning, and is cleared automatically at the end of each tick","READ_WRITE","EVENT","AMBIGUOUS","","Read/write, cleared automatically each tick.","docs.synapticsim.com/pilots/simvars (github.com/synapticsim/docs @4abccfd, 2026-09-25)"
"Integrated Cockpit Control Panel (ICCP) / Landing Gear Panel","L:A22X Gear Aural Lamp","Bool","Whether the gear aural warning cancel lamp is illuminated","READ","UNKNOWN","AMBIGUOUS","","Annunciator lamp; the documentation does not state whether it follows the switch or the system. Never inferred from the name.","docs.synapticsim.com/pilots/simvars (github.com/synapticsim/docs @4abccfd, 2026-09-25)"
"Integrated Cockpit Control Panel (ICCP) / Landing Gear Panel","L:A22X Nose Steer Off","Bool","Whether the nose wheel steering off switch is selected","READ","CONTROL_POSITION","DEFER","","Alternate / reversion control; no consumer need identified.","docs.synapticsim.com/pilots/simvars (github.com/synapticsim/docs @4abccfd, 2026-09-25)"
"Integrated Cockpit Control Panel (ICCP) / Landing Gear Panel","L:A22X Nose Steer Off Lamp","Bool","Whether the nose steering OFF lamp is illuminated","READ","UNKNOWN","AMBIGUOUS","","Annunciator lamp; the documentation does not state whether it follows the switch or the system. Never inferred from the name.","docs.synapticsim.com/pilots/simvars (github.com/synapticsim/docs @4abccfd, 2026-09-25)"
"Integrated Cockpit Control Panel (ICCP) / Landing Gear Panel","L:A22X Alternate Brake","Bool","Whether the alternate brake system switch is selected","READ","CONTROL_POSITION","DEFER","","Alternate / reversion control; no consumer need identified.","docs.synapticsim.com/pilots/simvars (github.com/synapticsim/docs @4abccfd, 2026-09-25)"
"Integrated Cockpit Control Panel (ICCP) / Landing Gear Panel","L:A22X Alternate Brake Lamp","Bool","Whether the alternate brake ON lamp is illuminated","READ","UNKNOWN","AMBIGUOUS","","Annunciator lamp; the documentation does not state whether it follows the switch or the system. Never inferred from the name.","docs.synapticsim.com/pilots/simvars (github.com/synapticsim/docs @4abccfd, 2026-09-25)"
"Engine / Throttle Quadrant Assembly (TQA)","L:A22X Throttle 1 TLA","Number","The animated position of throttle lever 1, mapped from the calibrated throttle command","ANIMATION","ANIMATION_ONLY","NOT_RELEVANT","","Documented as animation/model-driven. Never a control surface or an actual position.","docs.synapticsim.com/pilots/simvars (github.com/synapticsim/docs @4abccfd, 2026-09-25)"
"Engine / Throttle Quadrant Assembly (TQA)","L:A22X Throttle 2 TLA","Number","The animated position of throttle lever 2, mapped from the calibrated throttle command","ANIMATION","ANIMATION_ONLY","NOT_RELEVANT","","Documented as animation/model-driven. Never a control surface or an actual position.","docs.synapticsim.com/pilots/simvars (github.com/synapticsim/docs @4abccfd, 2026-09-25)"
"Engine / Throttle Quadrant Assembly (TQA)","L:A22X Throttle Type","Number","The throttle calibration mode: axis, axis with reverse button, or button-only","READ","CONTROL_POSITION","NOT_RELEVANT","","Throttle calibration / raw axis. GENERAL ENG THROTTLE LEVER POSITION is the generic candidate.","docs.synapticsim.com/pilots/simvars (github.com/synapticsim/docs @4abccfd, 2026-09-25)"
"Engine / Throttle Quadrant Assembly (TQA)","L:A22X Throttle L Idle","Number","The calibrated axis position of the left throttle's forward-idle detent","READ","CONTROL_POSITION","NOT_RELEVANT","","Throttle calibration / raw axis. GENERAL ENG THROTTLE LEVER POSITION is the generic candidate.","docs.synapticsim.com/pilots/simvars (github.com/synapticsim/docs @4abccfd, 2026-09-25)"
"Engine / Throttle Quadrant Assembly (TQA)","L:A22X Throttle R Idle","Number","The calibrated axis position of the right throttle's forward-idle detent","READ","CONTROL_POSITION","NOT_RELEVANT","","Throttle calibration / raw axis. GENERAL ENG THROTTLE LEVER POSITION is the generic candidate.","docs.synapticsim.com/pilots/simvars (github.com/synapticsim/docs @4abccfd, 2026-09-25)"
"Engine / Throttle Quadrant Assembly (TQA)","L:A22X Throttle L Rev Idle","Number","The calibrated axis position of the left throttle's reverse-idle detent","READ","CONTROL_POSITION","NOT_RELEVANT","","Throttle calibration / raw axis. GENERAL ENG THROTTLE LEVER POSITION is the generic candidate.","docs.synapticsim.com/pilots/simvars (github.com/synapticsim/docs @4abccfd, 2026-09-25)"
"Engine / Throttle Quadrant Assembly (TQA)","L:A22X Throttle R Rev Idle","Number","The calibrated axis position of the right throttle's reverse-idle detent","READ","CONTROL_POSITION","NOT_RELEVANT","","Throttle calibration / raw axis. GENERAL ENG THROTTLE LEVER POSITION is the generic candidate.","docs.synapticsim.com/pilots/simvars (github.com/synapticsim/docs @4abccfd, 2026-09-25)"
"Engine / Throttle Quadrant Assembly (TQA)","L:A22X Throttle L Raw","Number","The raw (uncalibrated) input position of the left throttle axis","READ","CONTROL_POSITION","NOT_RELEVANT","","Throttle calibration / raw axis. GENERAL ENG THROTTLE LEVER POSITION is the generic candidate.","docs.synapticsim.com/pilots/simvars (github.com/synapticsim/docs @4abccfd, 2026-09-25)"
"Engine / Throttle Quadrant Assembly (TQA)","L:A22X Throttle R Raw","Number","The raw (uncalibrated) input position of the right throttle axis","READ","CONTROL_POSITION","NOT_RELEVANT","","Throttle calibration / raw axis. GENERAL ENG THROTTLE LEVER POSITION is the generic candidate.","docs.synapticsim.com/pilots/simvars (github.com/synapticsim/docs @4abccfd, 2026-09-25)"
"Flaps / Flap/Slat Control Panel","L:A22X Flap Lever","Number","The commanded position of the flap lever (0-5, one of the 6 detents)","READ","CONTROL_POSITION","MIGRATE_CANDIDATE","GAP G-C1 FlightControls.FlapsDetentIndex (0-5), P1","Commanded detent. FLAPS HANDLE INDEX is also set by the aircraft since 1.0.4 (changelog).","docs.synapticsim.com/pilots/simvars (github.com/synapticsim/docs @4abccfd, 2026-09-25)"
"Flaps / Flap/Slat Control Panel","L:A22X Alternate Flap","Bool","If the alternate (electric/manual) flap extension mode is selected","READ","CONTROL_POSITION","DEFER","","Alternate / reversion control; no consumer need identified.","docs.synapticsim.com/pilots/simvars (github.com/synapticsim/docs @4abccfd, 2026-09-25)"
"Fuel System","L:A22X Gravity Transfer","Bool","If gravity transfer between tanks is enabled (hardwired cockpit control, not a software setting)","READ","CONTROL_POSITION","DEFER","GAP G-F1 (P2)","Fuel transfer control.","docs.synapticsim.com/pilots/simvars (github.com/synapticsim/docs @4abccfd, 2026-09-25)"
"Flight Management System (FMS) / Flight Plan Interface","L:A22X Flight Plan Modified","Bool","Set when the active flight plan has been modified and not yet executed (drives the EXEC prompt/light)","READ","EVENT","NOT_RELEVANT","","FMS / simulator option flag.","docs.synapticsim.com/pilots/simvars (github.com/synapticsim/docs @4abccfd, 2026-09-25)"
"Flight Management System (FMS) / Flight Plan Interface","L:A22X Flight Plan Cancel","Bool","Read/write flag used to cancel a pending (unexecuted) flight-plan modification","READ_WRITE","EVENT","NOT_RELEVANT","","FMS / simulator option flag.","docs.synapticsim.com/pilots/simvars (github.com/synapticsim/docs @4abccfd, 2026-09-25)"
"Flight Management System (FMS) / Flight Plan Interface","L:A22X Flight Plan Execute","Bool","Read/write flag used to execute a pending flight-plan modification","READ_WRITE","EVENT","NOT_RELEVANT","","FMS / simulator option flag.","docs.synapticsim.com/pilots/simvars (github.com/synapticsim/docs @4abccfd, 2026-09-25)"
"Flight Management System (FMS) / Guidance Manager","L:INI_PAUSE_AT_TOD_ENABLED","Bool","If the ""pause at top of descent"" simulator option is enabled","READ","EVENT","NOT_RELEVANT","","FMS / simulator option flag.","docs.synapticsim.com/pilots/simvars (github.com/synapticsim/docs @4abccfd, 2026-09-25)"
"Flight Management System (FMS) / Guidance Manager","L:INI_PAUSE_AT_TOD_DISTANCE","Number","The distance before top of descent, in nautical miles, at which the simulator should pause when that option is enabled","READ","EVENT","NOT_RELEVANT","","FMS / simulator option flag.","docs.synapticsim.com/pilots/simvars (github.com/synapticsim/docs @4abccfd, 2026-09-25)"
"Flight Management System (FMS) / Guidance Manager","L:A22X Paused at TOD","Bool","Set once the simulator has paused for the top-of-descent pause feature, so it is only triggered once per approach to TOD","READ","EVENT","NOT_RELEVANT","","FMS / simulator option flag.","docs.synapticsim.com/pilots/simvars (github.com/synapticsim/docs @4abccfd, 2026-09-25)"
"Integrated Standby Instrument (ISI)","L:A22X ISI Brightness","Number","The ISI display's backlight brightness (0.0-1.0), also used to compute its electrical power draw","READ","CONTROL_POSITION","NOT_RELEVANT","","Lighting / display control.","docs.synapticsim.com/pilots/simvars (github.com/synapticsim/docs @4abccfd, 2026-09-25)"
"Integrated Standby Instrument (ISI)","L:A22X ISI ADS Reversion","Bool","Momentary read/write flag used to toggle which Air Data Smart Probe (ADSP 3 or 4) the ISI derives its air data from","READ_WRITE","CONTROL_POSITION","DEFER","","Reversion pushbutton pressed. Not an IRS mode (section 33).","docs.synapticsim.com/pilots/simvars (github.com/synapticsim/docs @4abccfd, 2026-09-25)"
"Integrated Standby Instrument (ISI)","L:A22X ISI Altimeter Set","Number","Read/write barostatic setting increment/decrement applied to the ISI's barometric altimeter setting each tick","READ_WRITE","EVENT","NOT_RELEVANT","","Radio / altimeter action flag.","docs.synapticsim.com/pilots/simvars (github.com/synapticsim/docs @4abccfd, 2026-09-25)"
"Integrated Standby Instrument (ISI)","L:A22X ISI Altimeter STD","Bool","Read/write flag that sets the ISI's altimeter to the standard (STD) 29.92""/1013 hPa setting","READ_WRITE","EVENT","NOT_RELEVANT","","Radio / altimeter action flag.","docs.synapticsim.com/pilots/simvars (github.com/synapticsim/docs @4abccfd, 2026-09-25)"
"Landing Gear","L:A22X L Tiller","Bool","If the tiller steering handle is disconnected (e.g. for pedal-only steering)","READ","CONTROL_POSITION","DEFER","","Alternate / reversion control; no consumer need identified.","docs.synapticsim.com/pilots/simvars (github.com/synapticsim/docs @4abccfd, 2026-09-25)"
"Control Tuning Panel (CTP)","L:A22X L Altimeter HPA","Bool","Sets altimeter unit between inHG (0) and hPa (1)","WRITE_ACTION","EVENT","NOT_RELEVANT","","Radio / altimeter action flag.","docs.synapticsim.com/pilots/simvars (github.com/synapticsim/docs @4abccfd, 2026-09-25)"
"Control Tuning Panel (CTP)","L:A22X R Altimeter hPa","Bool","Sets altimeter unit between inHG (0) and hPa (1)","WRITE_ACTION","EVENT","NOT_RELEVANT","","Radio / altimeter action flag.","docs.synapticsim.com/pilots/simvars (github.com/synapticsim/docs @4abccfd, 2026-09-25)"
"Control Tuning Panel (CTP)","L:A22X L Altimeter Set","Number","Increments or decrements when set to -1 or +1, respectively","WRITE_ACTION","EVENT","NOT_RELEVANT","","Radio / altimeter action flag.","docs.synapticsim.com/pilots/simvars (github.com/synapticsim/docs @4abccfd, 2026-09-25)"
"Control Tuning Panel (CTP)","L:A22X R Altimeter Set","Number","Increments or decrements when set to -1 or +1, respectively","WRITE_ACTION","EVENT","NOT_RELEVANT","","Radio / altimeter action flag.","docs.synapticsim.com/pilots/simvars (github.com/synapticsim/docs @4abccfd, 2026-09-25)"
"Control Tuning Panel (CTP)","L:A22X L Altimeter STD","Bool","Sets altimeter to standard when set","WRITE_ACTION","EVENT","NOT_RELEVANT","","Radio / altimeter action flag.","docs.synapticsim.com/pilots/simvars (github.com/synapticsim/docs @4abccfd, 2026-09-25)"
"Control Tuning Panel (CTP)","L:A22X R Altimeter Std","Bool","Sets altimeter to standard when set","WRITE_ACTION","EVENT","NOT_RELEVANT","","Radio / altimeter action flag.","docs.synapticsim.com/pilots/simvars (github.com/synapticsim/docs @4abccfd, 2026-09-25)"
"Control Tuning Panel (CTP)","L:A22X L Nav Source","Bool","Toggles guidance nav source between FMS and NAV when set","WRITE_ACTION","EVENT","NOT_RELEVANT","","Radio / altimeter action flag.","docs.synapticsim.com/pilots/simvars (github.com/synapticsim/docs @4abccfd, 2026-09-25)"
"Control Tuning Panel (CTP)","L:A22X R Nav Source","Bool","Toggles guidance nav source between FMS and NAV when set","WRITE_ACTION","EVENT","NOT_RELEVANT","","Radio / altimeter action flag.","docs.synapticsim.com/pilots/simvars (github.com/synapticsim/docs @4abccfd, 2026-09-25)"
"Control Tuning Panel (CTP)","L:A22X L CTP Crosstune","Bool","Toggles CTP crosstuning when set","WRITE_ACTION","EVENT","NOT_RELEVANT","","Radio / altimeter action flag.","docs.synapticsim.com/pilots/simvars (github.com/synapticsim/docs @4abccfd, 2026-09-25)"
"Control Tuning Panel (CTP)","L:A22X R CTP Crosstune","Bool","Toggles CTP crosstuning when set","WRITE_ACTION","EVENT","NOT_RELEVANT","","Radio / altimeter action flag.","docs.synapticsim.com/pilots/simvars (github.com/synapticsim/docs @4abccfd, 2026-09-25)"
"Control Tuning Panel (CTP)","L:A22X L CTP Brightness","Percent over 100","Sets CTP brightness, from off (0) to full bright (1)","WRITE_ACTION","CONTROL_POSITION","NOT_RELEVANT","","Lighting / display control.","docs.synapticsim.com/pilots/simvars (github.com/synapticsim/docs @4abccfd, 2026-09-25)"
"Control Tuning Panel (CTP)","L:A22X R CTP Brightness","Percent over 100","Sets CTP brightness, from off (0) to full bright (1)","WRITE_ACTION","CONTROL_POSITION","NOT_RELEVANT","","Lighting / display control.","docs.synapticsim.com/pilots/simvars (github.com/synapticsim/docs @4abccfd, 2026-09-25)"
"Control Tuning Panel (CTP)","L:A22X L CTP Backlight","Percent over 100","CTP backlight brightness, from off (0) to full bright (1)","READ","CONTROL_POSITION","NOT_RELEVANT","","Lighting / display control.","docs.synapticsim.com/pilots/simvars (github.com/synapticsim/docs @4abccfd, 2026-09-25)"
"Control Tuning Panel (CTP)","L:A22X R CTP Backlight","Percent over 100","CTP backlight brightness, from off (0) to full bright (1)","READ","CONTROL_POSITION","NOT_RELEVANT","","Lighting / display control.","docs.synapticsim.com/pilots/simvars (github.com/synapticsim/docs @4abccfd, 2026-09-25)"
"Radio Interface Unit (RIU)","L:A22X Tx Channel","Enum","Writes which radio channel (VHF1/2/3, HF1/2, SAT, CAB, or none) is currently selected for transmission","READ","EVENT","NOT_RELEVANT","","Radio / altimeter action flag.","docs.synapticsim.com/pilots/simvars (github.com/synapticsim/docs @4abccfd, 2026-09-25)"
"Radio Interface Unit (RIU)","L:A22X ACP VHF1","Bool","Read/write flag for the audio control panel's VHF1 transmit-select button press","READ_WRITE","EVENT","NOT_RELEVANT","","Radio / altimeter action flag.","docs.synapticsim.com/pilots/simvars (github.com/synapticsim/docs @4abccfd, 2026-09-25)"
"Radio Interface Unit (RIU)","L:A22X ACP VHF2","Bool","Read/write flag for the audio control panel's VHF2 transmit-select button press","READ_WRITE","EVENT","NOT_RELEVANT","","Radio / altimeter action flag.","docs.synapticsim.com/pilots/simvars (github.com/synapticsim/docs @4abccfd, 2026-09-25)"
"Radio Interface Unit (RIU)","L:A22X ACP VHF3","Bool","Read/write flag for the audio control panel's VHF3 transmit-select button press","READ_WRITE","EVENT","NOT_RELEVANT","","Radio / altimeter action flag.","docs.synapticsim.com/pilots/simvars (github.com/synapticsim/docs @4abccfd, 2026-09-25)"
"Radio Interface Unit (RIU)","L:A22X Aural Internal Test","Bool","Reads whether the RIU's built-in aural warning self-test has been triggered","READ","EVENT","NOT_RELEVANT","","Callout, tone, test or procedural aural. Not telemetry.","docs.synapticsim.com/pilots/simvars (github.com/synapticsim/docs @4abccfd, 2026-09-25)"
"Radio Interface Unit (RIU)","L:A22X Aural Radio Alt","Bool","Whether a radio-altitude callout aural is currently playing","READ","EVENT","NOT_RELEVANT","","Callout, tone, test or procedural aural. Not telemetry.","docs.synapticsim.com/pilots/simvars (github.com/synapticsim/docs @4abccfd, 2026-09-25)"
"Radio Interface Unit (RIU)","L:A22X Aural Decision Height","Bool","Whether the ""decision height"" aural is currently playing","READ","EVENT","NOT_RELEVANT","","Callout, tone, test or procedural aural. Not telemetry.","docs.synapticsim.com/pilots/simvars (github.com/synapticsim/docs @4abccfd, 2026-09-25)"
"Radio Interface Unit (RIU)","L:A22X Aural Approaching Decision Height","Bool","Whether the ""approaching decision height"" aural is currently playing","READ","EVENT","NOT_RELEVANT","","Callout, tone, test or procedural aural. Not telemetry.","docs.synapticsim.com/pilots/simvars (github.com/synapticsim/docs @4abccfd, 2026-09-25)"
"Radio Interface Unit (RIU)","L:A22X Aural Decide","Bool","Whether the ""decide"" aural is currently playing","READ","EVENT","NOT_RELEVANT","","Callout, tone, test or procedural aural. Not telemetry.","docs.synapticsim.com/pilots/simvars (github.com/synapticsim/docs @4abccfd, 2026-09-25)"
"Radio Interface Unit (RIU)","L:A22X Aural Minimum","Bool","Whether the ""minimum"" aural is currently playing","READ","EVENT","NOT_RELEVANT","","Callout, tone, test or procedural aural. Not telemetry.","docs.synapticsim.com/pilots/simvars (github.com/synapticsim/docs @4abccfd, 2026-09-25)"
"Radio Interface Unit (RIU)","L:A22X Aural Minimums","Bool","Whether the ""minimums"" aural is currently playing","READ","EVENT","NOT_RELEVANT","","Callout, tone, test or procedural aural. Not telemetry.","docs.synapticsim.com/pilots/simvars (github.com/synapticsim/docs @4abccfd, 2026-09-25)"
"Radio Interface Unit (RIU)","L:A22X Aural Minimums Minimums","Bool","Whether the ""minimums, minimums"" aural is currently playing","READ","EVENT","NOT_RELEVANT","","Callout, tone, test or procedural aural. Not telemetry.","docs.synapticsim.com/pilots/simvars (github.com/synapticsim/docs @4abccfd, 2026-09-25)"
"Radio Interface Unit (RIU)","L:A22X Aural Approaching Minimums","Bool","Whether the ""approaching minimums"" aural is currently playing","READ","EVENT","NOT_RELEVANT","","Callout, tone, test or procedural aural. Not telemetry.","docs.synapticsim.com/pilots/simvars (github.com/synapticsim/docs @4abccfd, 2026-09-25)"
"Radio Interface Unit (RIU)","L:A22X Aural 2500","Bool","Whether the radio-altitude ""2500"" callout aural is currently playing","READ","EVENT","NOT_RELEVANT","","Callout, tone, test or procedural aural. Not telemetry.","docs.synapticsim.com/pilots/simvars (github.com/synapticsim/docs @4abccfd, 2026-09-25)"
"Radio Interface Unit (RIU)","L:A22X Aural 1000","Bool","Whether the radio-altitude ""1000"" callout aural is currently playing","READ","EVENT","NOT_RELEVANT","","Callout, tone, test or procedural aural. Not telemetry.","docs.synapticsim.com/pilots/simvars (github.com/synapticsim/docs @4abccfd, 2026-09-25)"
"Radio Interface Unit (RIU)","L:A22X Aural 500","Bool","Whether the radio-altitude ""500"" callout aural is currently playing","READ","EVENT","NOT_RELEVANT","","Callout, tone, test or procedural aural. Not telemetry.","docs.synapticsim.com/pilots/simvars (github.com/synapticsim/docs @4abccfd, 2026-09-25)"
"Radio Interface Unit (RIU)","L:A22X Aural 400","Bool","Whether the radio-altitude ""400"" callout aural is currently playing","READ","EVENT","NOT_RELEVANT","","Callout, tone, test or procedural aural. Not telemetry.","docs.synapticsim.com/pilots/simvars (github.com/synapticsim/docs @4abccfd, 2026-09-25)"
"Radio Interface Unit (RIU)","L:A22X Aural 300","Bool","Whether the radio-altitude ""300"" callout aural is currently playing","READ","EVENT","NOT_RELEVANT","","Callout, tone, test or procedural aural. Not telemetry.","docs.synapticsim.com/pilots/simvars (github.com/synapticsim/docs @4abccfd, 2026-09-25)"
"Radio Interface Unit (RIU)","L:A22X Aural 200","Bool","Whether the radio-altitude ""200"" callout aural is currently playing","READ","EVENT","NOT_RELEVANT","","Callout, tone, test or procedural aural. Not telemetry.","docs.synapticsim.com/pilots/simvars (github.com/synapticsim/docs @4abccfd, 2026-09-25)"
"Radio Interface Unit (RIU)","L:A22X Aural 100","Bool","Whether the radio-altitude ""100"" callout aural is currently playing","READ","EVENT","NOT_RELEVANT","","Callout, tone, test or procedural aural. Not telemetry.","docs.synapticsim.com/pilots/simvars (github.com/synapticsim/docs @4abccfd, 2026-09-25)"
"Radio Interface Unit (RIU)","L:A22X Aural 80","Bool","Whether the radio-altitude ""80"" callout aural is currently playing","READ","EVENT","NOT_RELEVANT","","Callout, tone, test or procedural aural. Not telemetry.","docs.synapticsim.com/pilots/simvars (github.com/synapticsim/docs @4abccfd, 2026-09-25)"
"Radio Interface Unit (RIU)","L:A22X Aural 60","Bool","Whether the radio-altitude ""60"" callout aural is currently playing","READ","EVENT","NOT_RELEVANT","","Callout, tone, test or procedural aural. Not telemetry.","docs.synapticsim.com/pilots/simvars (github.com/synapticsim/docs @4abccfd, 2026-09-25)"
"Radio Interface Unit (RIU)","L:A22X Aural 50","Bool","Whether the radio-altitude ""50"" callout aural is currently playing","READ","EVENT","NOT_RELEVANT","","Callout, tone, test or procedural aural. Not telemetry.","docs.synapticsim.com/pilots/simvars (github.com/synapticsim/docs @4abccfd, 2026-09-25)"
"Radio Interface Unit (RIU)","L:A22X Aural 40","Bool","Whether the radio-altitude ""40"" callout aural is currently playing","READ","EVENT","NOT_RELEVANT","","Callout, tone, test or procedural aural. Not telemetry.","docs.synapticsim.com/pilots/simvars (github.com/synapticsim/docs @4abccfd, 2026-09-25)"
"Radio Interface Unit (RIU)","L:A22X Aural 35","Bool","Whether the radio-altitude ""35"" callout aural is currently playing","READ","EVENT","NOT_RELEVANT","","Callout, tone, test or procedural aural. Not telemetry.","docs.synapticsim.com/pilots/simvars (github.com/synapticsim/docs @4abccfd, 2026-09-25)"
"Radio Interface Unit (RIU)","L:A22X Aural 30","Bool","Whether the radio-altitude ""30"" callout aural is currently playing","READ","EVENT","NOT_RELEVANT","","Callout, tone, test or procedural aural. Not telemetry.","docs.synapticsim.com/pilots/simvars (github.com/synapticsim/docs @4abccfd, 2026-09-25)"
"Radio Interface Unit (RIU)","L:A22X Aural 20","Bool","Whether the radio-altitude ""20"" callout aural is currently playing","READ","EVENT","NOT_RELEVANT","","Callout, tone, test or procedural aural. Not telemetry.","docs.synapticsim.com/pilots/simvars (github.com/synapticsim/docs @4abccfd, 2026-09-25)"
"Radio Interface Unit (RIU)","L:A22X Aural 10","Bool","Whether the radio-altitude ""10"" callout aural is currently playing","READ","EVENT","NOT_RELEVANT","","Callout, tone, test or procedural aural. Not telemetry.","docs.synapticsim.com/pilots/simvars (github.com/synapticsim/docs @4abccfd, 2026-09-25)"
"Radio Interface Unit (RIU)","L:A22X Aural 5","Bool","Whether the radio-altitude ""5"" callout aural is currently playing","READ","EVENT","NOT_RELEVANT","","Callout, tone, test or procedural aural. Not telemetry.","docs.synapticsim.com/pilots/simvars (github.com/synapticsim/docs @4abccfd, 2026-09-25)"
"Radio Interface Unit (RIU)","L:A22X Aural Above 100","Bool","Whether the ""above 100"" TAWS aural is currently playing","READ","EVENT","NOT_RELEVANT","","Callout, tone, test or procedural aural. Not telemetry.","docs.synapticsim.com/pilots/simvars (github.com/synapticsim/docs @4abccfd, 2026-09-25)"
"Radio Interface Unit (RIU)","L:A22X Aural Above 50","Bool","Whether the ""above 50"" TAWS aural is currently playing","READ","EVENT","NOT_RELEVANT","","Callout, tone, test or procedural aural. Not telemetry.","docs.synapticsim.com/pilots/simvars (github.com/synapticsim/docs @4abccfd, 2026-09-25)"
"Radio Interface Unit (RIU)","L:A22X Aural Sink Rate","Bool","Whether the TAWS ""sink rate"" aural is currently playing","READ","EVENT","APPLICATION_SPECIFIC","GAP G-A2 CockpitEvent (aural)","Flight-safety aural; a scoring application could use it. No FSGAP contract.","docs.synapticsim.com/pilots/simvars (github.com/synapticsim/docs @4abccfd, 2026-09-25)"
"Radio Interface Unit (RIU)","L:A22X Aural Pull Up","Bool","Whether the TAWS ""pull up"" aural is currently playing","READ","EVENT","APPLICATION_SPECIFIC","GAP G-A2 CockpitEvent (aural)","Flight-safety aural; a scoring application could use it. No FSGAP contract.","docs.synapticsim.com/pilots/simvars (github.com/synapticsim/docs @4abccfd, 2026-09-25)"
"Radio Interface Unit (RIU)","L:A22X Aural Terrain Terrain","Bool","Whether the TAWS ""terrain, terrain"" aural is currently playing","READ","EVENT","APPLICATION_SPECIFIC","GAP G-A2 CockpitEvent (aural)","Flight-safety aural; a scoring application could use it. No FSGAP contract.","docs.synapticsim.com/pilots/simvars (github.com/synapticsim/docs @4abccfd, 2026-09-25)"
"Radio Interface Unit (RIU)","L:A22X Aural Dont Sink","Bool","Whether the TAWS ""don't sink"" aural is currently playing","READ","EVENT","APPLICATION_SPECIFIC","GAP G-A2 CockpitEvent (aural)","Flight-safety aural; a scoring application could use it. No FSGAP contract.","docs.synapticsim.com/pilots/simvars (github.com/synapticsim/docs @4abccfd, 2026-09-25)"
"Radio Interface Unit (RIU)","L:A22X Aural Too Low Terrain","Bool","Whether the TAWS ""too low, terrain"" aural is currently playing","READ","EVENT","APPLICATION_SPECIFIC","GAP G-A2 CockpitEvent (aural)","Flight-safety aural; a scoring application could use it. No FSGAP contract.","docs.synapticsim.com/pilots/simvars (github.com/synapticsim/docs @4abccfd, 2026-09-25)"
"Radio Interface Unit (RIU)","L:A22X Aural Too Low Gear","Bool","Whether the TAWS ""too low, gear"" aural is currently playing","READ","EVENT","APPLICATION_SPECIFIC","GAP G-A2 CockpitEvent (aural)","Flight-safety aural; a scoring application could use it. No FSGAP contract.","docs.synapticsim.com/pilots/simvars (github.com/synapticsim/docs @4abccfd, 2026-09-25)"
"Radio Interface Unit (RIU)","L:A22X Aural Too Low Flap","Bool","Whether the TAWS ""too low, flaps"" aural is currently playing","READ","EVENT","APPLICATION_SPECIFIC","GAP G-A2 CockpitEvent (aural)","Flight-safety aural; a scoring application could use it. No FSGAP contract.","docs.synapticsim.com/pilots/simvars (github.com/synapticsim/docs @4abccfd, 2026-09-25)"
"Radio Interface Unit (RIU)","L:A22X Aural Glideslope","Bool","Whether the TAWS glideslope deviation aural is currently playing","READ","EVENT","APPLICATION_SPECIFIC","GAP G-A2 CockpitEvent (aural)","Flight-safety aural; a scoring application could use it. No FSGAP contract.","docs.synapticsim.com/pilots/simvars (github.com/synapticsim/docs @4abccfd, 2026-09-25)"
"Radio Interface Unit (RIU)","L:A22X Aural Bank Angle","Bool","Whether the TAWS ""bank angle"" aural is currently playing","READ","EVENT","APPLICATION_SPECIFIC","GAP G-A2 CockpitEvent (aural)","Flight-safety aural; a scoring application could use it. No FSGAP contract.","docs.synapticsim.com/pilots/simvars (github.com/synapticsim/docs @4abccfd, 2026-09-25)"
"Radio Interface Unit (RIU)","L:A22X Aural Caution Terrain","Bool","Reserved output for a TAWS caution-terrain aural (currently never set — see commented-out code)","READ","EVENT","APPLICATION_SPECIFIC","GAP G-A2 CockpitEvent (aural)","Flight-safety aural; a scoring application could use it. No FSGAP contract.","docs.synapticsim.com/pilots/simvars (github.com/synapticsim/docs @4abccfd, 2026-09-25)"
"Radio Interface Unit (RIU)","L:A22X Aural Windshear","Bool","Whether the ""windshear"" aural is currently playing","READ","EVENT","APPLICATION_SPECIFIC","GAP G-A2 CockpitEvent (aural)","Flight-safety aural; a scoring application could use it. No FSGAP contract.","docs.synapticsim.com/pilots/simvars (github.com/synapticsim/docs @4abccfd, 2026-09-25)"
"Radio Interface Unit (RIU)","L:A22X Aural Stall","Bool","Whether the stall warning aural is currently playing","READ","EVENT","APPLICATION_SPECIFIC","GAP G-A2 CockpitEvent (aural)","Flight-safety aural; a scoring application could use it. No FSGAP contract.","docs.synapticsim.com/pilots/simvars (github.com/synapticsim/docs @4abccfd, 2026-09-25)"
"Radio Interface Unit (RIU)","L:A22X Aural Cockpit Door","Bool","Whether the cockpit-door emergency-access aural is currently playing","READ","EVENT","NOT_RELEVANT","","Callout, tone, test or procedural aural. Not telemetry.","docs.synapticsim.com/pilots/simvars (github.com/synapticsim/docs @4abccfd, 2026-09-25)"
"Radio Interface Unit (RIU)","L:A22X Aural Emergency Descent","Bool","Whether the emergency-descent aural is currently playing","READ","EVENT","NOT_RELEVANT","","Callout, tone, test or procedural aural. Not telemetry.","docs.synapticsim.com/pilots/simvars (github.com/synapticsim/docs @4abccfd, 2026-09-25)"
"Radio Interface Unit (RIU)","L:A22X Aural AP Disengage","Bool","Whether the autopilot-disengage aural is currently playing","READ","EVENT","NOT_RELEVANT","","Callout, tone, test or procedural aural. Not telemetry.","docs.synapticsim.com/pilots/simvars (github.com/synapticsim/docs @4abccfd, 2026-09-25)"
"Radio Interface Unit (RIU)","L:A22X Aural Flare","Bool","Whether the steep-approach ""flare"" aural is currently playing","READ","EVENT","NOT_RELEVANT","","Callout, tone, test or procedural aural. Not telemetry.","docs.synapticsim.com/pilots/simvars (github.com/synapticsim/docs @4abccfd, 2026-09-25)"
"Radio Interface Unit (RIU)","L:A22X Aural Standby","Bool","Whether the steep-approach ""standby"" aural is currently playing","READ","EVENT","NOT_RELEVANT","","Callout, tone, test or procedural aural. Not telemetry.","docs.synapticsim.com/pilots/simvars (github.com/synapticsim/docs @4abccfd, 2026-09-25)"
"Radio Interface Unit (RIU)","L:A22X Aural Dual Input","Bool","Whether the ""dual input"" (both sidesticks active) aural is currently playing","READ","EVENT","APPLICATION_SPECIFIC","GAP G-A2 CockpitEvent (aural)","Flight-safety aural; a scoring application could use it. No FSGAP contract.","docs.synapticsim.com/pilots/simvars (github.com/synapticsim/docs @4abccfd, 2026-09-25)"
"Radio Interface Unit (RIU)","L:A22X Aural Overspeed","Bool","Whether the overspeed warning aural is currently playing","READ","EVENT","APPLICATION_SPECIFIC","GAP G-A2 CockpitEvent (aural)","Flight-safety aural; a scoring application could use it. No FSGAP contract.","docs.synapticsim.com/pilots/simvars (github.com/synapticsim/docs @4abccfd, 2026-09-25)"
"Radio Interface Unit (RIU)","L:A22X Aural Speed x3","Bool","Whether the repeated (""x3"") minimum-airspeed aural is currently playing","READ","EVENT","APPLICATION_SPECIFIC","GAP G-A2 CockpitEvent (aural)","Flight-safety aural; a scoring application could use it. No FSGAP contract.","docs.synapticsim.com/pilots/simvars (github.com/synapticsim/docs @4abccfd, 2026-09-25)"
"Radio Interface Unit (RIU)","L:A22X Aural Overspeed Pre Alert","Bool","Whether the overspeed pre-alert aural is currently playing","READ","EVENT","APPLICATION_SPECIFIC","GAP G-A2 CockpitEvent (aural)","Flight-safety aural; a scoring application could use it. No FSGAP contract.","docs.synapticsim.com/pilots/simvars (github.com/synapticsim/docs @4abccfd, 2026-09-25)"
"Radio Interface Unit (RIU)","L:A22X Aural Speed","Bool","Whether the minimum-airspeed pre-alert aural is currently playing","READ","EVENT","APPLICATION_SPECIFIC","GAP G-A2 CockpitEvent (aural)","Flight-safety aural; a scoring application could use it. No FSGAP contract.","docs.synapticsim.com/pilots/simvars (github.com/synapticsim/docs @4abccfd, 2026-09-25)"
"Radio Interface Unit (RIU)","L:A22X Aural Left Engine Fire","Bool","Whether the left engine fire aural is currently playing","READ","EVENT","DEFER","GAP G-A2 CockpitEvent (aural)","Aural currently playing: a transient. Not fire detection (section 31).","docs.synapticsim.com/pilots/simvars (github.com/synapticsim/docs @4abccfd, 2026-09-25)"
"Radio Interface Unit (RIU)","L:A22X Aural Right Engine Fire","Bool","Whether the right engine fire aural is currently playing","READ","EVENT","DEFER","GAP G-A2 CockpitEvent (aural)","Aural currently playing: a transient. Not fire detection (section 31).","docs.synapticsim.com/pilots/simvars (github.com/synapticsim/docs @4abccfd, 2026-09-25)"
"Radio Interface Unit (RIU)","L:A22X Aural APU Fire","Bool","Whether the APU fire aural is currently playing","READ","EVENT","DEFER","GAP G-A2 CockpitEvent (aural)","Aural currently playing: a transient. Not fire detection (section 31).","docs.synapticsim.com/pilots/simvars (github.com/synapticsim/docs @4abccfd, 2026-09-25)"
"Radio Interface Unit (RIU)","L:A22X Aural Cargo Fire","Bool","Whether the cargo-bay fire aural is currently playing","READ","EVENT","DEFER","GAP G-A2 CockpitEvent (aural)","Aural currently playing: a transient. Not fire detection (section 31).","docs.synapticsim.com/pilots/simvars (github.com/synapticsim/docs @4abccfd, 2026-09-25)"
"Radio Interface Unit (RIU)","L:A22X Aural Smoke","Bool","Whether the smoke-warning aural is currently playing","READ","EVENT","DEFER","GAP G-A2 CockpitEvent (aural)","Aural currently playing: a transient. Not fire detection (section 31).","docs.synapticsim.com/pilots/simvars (github.com/synapticsim/docs @4abccfd, 2026-09-25)"
"Radio Interface Unit (RIU)","L:A22X Aural Gear Bay Overheat","Bool","Whether the landing-gear-bay overheat aural is currently playing","READ","EVENT","DEFER","GAP G-A2 CockpitEvent (aural)","Aural currently playing: a transient. Not fire detection (section 31).","docs.synapticsim.com/pilots/simvars (github.com/synapticsim/docs @4abccfd, 2026-09-25)"
"Radio Interface Unit (RIU)","L:A22X Aural Cabin Pressure","Bool","Whether the cabin differential-pressure aural is currently playing","READ","EVENT","DEFER","GAP G-A2 CockpitEvent (aural)","Aural currently playing: a transient. Not fire detection (section 31).","docs.synapticsim.com/pilots/simvars (github.com/synapticsim/docs @4abccfd, 2026-09-25)"
"Radio Interface Unit (RIU)","L:A22X Aural Cabin Altitude","Bool","Whether the cabin-altitude warning aural is currently playing","READ","EVENT","DEFER","GAP G-A2 CockpitEvent (aural)","Aural currently playing: a transient. Not fire detection (section 31).","docs.synapticsim.com/pilots/simvars (github.com/synapticsim/docs @4abccfd, 2026-09-25)"
"Radio Interface Unit (RIU)","L:A22X Aural Warning","Bool","Whether a generic master-warning attention-getter aural is currently playing","READ","EVENT","DEFER","GAP G-A2 CockpitEvent (aural)","Aural currently playing: a transient. Not fire detection (section 31).","docs.synapticsim.com/pilots/simvars (github.com/synapticsim/docs @4abccfd, 2026-09-25)"
"Radio Interface Unit (RIU)","L:A22X Aural Approach Degraded","Bool","Whether the ""ILS approach mode degraded"" aural is currently playing","READ","EVENT","NOT_RELEVANT","","Callout, tone, test or procedural aural. Not telemetry.","docs.synapticsim.com/pilots/simvars (github.com/synapticsim/docs @4abccfd, 2026-09-25)"
"Radio Interface Unit (RIU)","L:A22X Aural Not A Runway","Bool","Whether the ""not a runway"" surface-management aural is currently playing","READ","EVENT","NOT_RELEVANT","","Callout, tone, test or procedural aural. Not telemetry.","docs.synapticsim.com/pilots/simvars (github.com/synapticsim/docs @4abccfd, 2026-09-25)"
"Radio Interface Unit (RIU)","L:A22X Aural Short Runway","Bool","Whether the ""short runway"" surface-management aural is currently playing","READ","EVENT","NOT_RELEVANT","","Callout, tone, test or procedural aural. Not telemetry.","docs.synapticsim.com/pilots/simvars (github.com/synapticsim/docs @4abccfd, 2026-09-25)"
"Radio Interface Unit (RIU)","L:A22X Aural Quadruple Tone x3","Bool","Whether the repeated quadruple-tone datalink aural is currently playing","READ","EVENT","NOT_RELEVANT","","Callout, tone, test or procedural aural. Not telemetry.","docs.synapticsim.com/pilots/simvars (github.com/synapticsim/docs @4abccfd, 2026-09-25)"
"Radio Interface Unit (RIU)","L:A22X Aural Double Tone x3","Bool","Whether the repeated double-tone datalink aural is currently playing","READ","EVENT","NOT_RELEVANT","","Callout, tone, test or procedural aural. Not telemetry.","docs.synapticsim.com/pilots/simvars (github.com/synapticsim/docs @4abccfd, 2026-09-25)"
"Radio Interface Unit (RIU)","L:A22X Aural Double Tone","Bool","Whether the double-tone datalink aural is currently playing","READ","EVENT","NOT_RELEVANT","","Callout, tone, test or procedural aural. Not telemetry.","docs.synapticsim.com/pilots/simvars (github.com/synapticsim/docs @4abccfd, 2026-09-25)"
"Radio Interface Unit (RIU)","L:A22X Aural Altitude","Bool","Whether the altitude-departure aural is currently playing","READ","EVENT","NOT_RELEVANT","","Callout, tone, test or procedural aural. Not telemetry.","docs.synapticsim.com/pilots/simvars (github.com/synapticsim/docs @4abccfd, 2026-09-25)"
"Radio Interface Unit (RIU)","L:A22X Aural Vertical Track","Bool","Whether the ""vertical track"" aural is currently playing","READ","EVENT","NOT_RELEVANT","","Callout, tone, test or procedural aural. Not telemetry.","docs.synapticsim.com/pilots/simvars (github.com/synapticsim/docs @4abccfd, 2026-09-25)"
"Radio Interface Unit (RIU)","L:A22X Aural Altitude Capture","Bool","Whether the altitude-capture aural is currently playing","READ","EVENT","NOT_RELEVANT","","Callout, tone, test or procedural aural. Not telemetry.","docs.synapticsim.com/pilots/simvars (github.com/synapticsim/docs @4abccfd, 2026-09-25)"
"Radio Interface Unit (RIU)","L:A22X Aural Caution","Bool","Whether a generic master-caution attention-getter aural is currently playing","READ","EVENT","DEFER","GAP G-A2 CockpitEvent (aural)","Aural currently playing: a transient. Not fire detection (section 31).","docs.synapticsim.com/pilots/simvars (github.com/synapticsim/docs @4abccfd, 2026-09-25)"
"Radio Interface Unit (RIU)","L:A22X Aural Config Trim","Bool","Whether the takeoff-config ""trim"" aural is currently playing","READ","EVENT","NOT_RELEVANT","","Callout, tone, test or procedural aural. Not telemetry.","docs.synapticsim.com/pilots/simvars (github.com/synapticsim/docs @4abccfd, 2026-09-25)"
"Radio Interface Unit (RIU)","L:A22X Aural Config Sidestick","Bool","Whether the takeoff-config ""sidestick"" aural is currently playing","READ","ANIMATION_ONLY","NOT_RELEVANT","","Documented as animation/model-driven. Never a control surface or an actual position.","docs.synapticsim.com/pilots/simvars (github.com/synapticsim/docs @4abccfd, 2026-09-25)"
"Radio Interface Unit (RIU)","L:A22X Aural Config Flaps","Bool","Whether the takeoff-config ""flaps"" aural is currently playing","READ","EVENT","NOT_RELEVANT","","Callout, tone, test or procedural aural. Not telemetry.","docs.synapticsim.com/pilots/simvars (github.com/synapticsim/docs @4abccfd, 2026-09-25)"
"Radio Interface Unit (RIU)","L:A22X Aural Config Spoilers","Bool","Whether the takeoff-config ""spoilers"" aural is currently playing","READ","EVENT","NOT_RELEVANT","","Callout, tone, test or procedural aural. Not telemetry.","docs.synapticsim.com/pilots/simvars (github.com/synapticsim/docs @4abccfd, 2026-09-25)"
"Radio Interface Unit (RIU)","L:A22X Aural Config Brakes","Bool","Whether the takeoff-config ""brakes"" aural is currently playing","READ","EVENT","NOT_RELEVANT","","Callout, tone, test or procedural aural. Not telemetry.","docs.synapticsim.com/pilots/simvars (github.com/synapticsim/docs @4abccfd, 2026-09-25)"
"Radio Interface Unit (RIU)","L:A22X Aural Config Autopilot","Bool","Whether the takeoff-config ""autopilot"" aural is currently playing","READ","EVENT","NOT_RELEVANT","","Callout, tone, test or procedural aural. Not telemetry.","docs.synapticsim.com/pilots/simvars (github.com/synapticsim/docs @4abccfd, 2026-09-25)"
"Radio Interface Unit (RIU)","L:A22X Aural Config Autothrottle","Bool","Whether the takeoff-config ""autothrottle"" aural is currently playing","READ","EVENT","NOT_RELEVANT","","Callout, tone, test or procedural aural. Not telemetry.","docs.synapticsim.com/pilots/simvars (github.com/synapticsim/docs @4abccfd, 2026-09-25)"
"Radio Interface Unit (RIU)","L:A22X Aural Config Thrust Lever","Bool","Whether the takeoff-config ""thrust lever"" aural is currently playing","READ","EVENT","NOT_RELEVANT","","Callout, tone, test or procedural aural. Not telemetry.","docs.synapticsim.com/pilots/simvars (github.com/synapticsim/docs @4abccfd, 2026-09-25)"
"Radio Interface Unit (RIU)","L:A22X Aural AT Disengage Auto","Bool","Whether the automatic autothrottle-disengage aural is currently playing","READ","EVENT","NOT_RELEVANT","","Callout, tone, test or procedural aural. Not telemetry.","docs.synapticsim.com/pilots/simvars (github.com/synapticsim/docs @4abccfd, 2026-09-25)"
"Radio Interface Unit (RIU)","L:A22X Aural AT Disengage Manual","Bool","Whether the manual autothrottle-disengage aural is currently playing","READ","EVENT","NOT_RELEVANT","","Callout, tone, test or procedural aural. Not telemetry.","docs.synapticsim.com/pilots/simvars (github.com/synapticsim/docs @4abccfd, 2026-09-25)"
"Radio Interface Unit (RIU)","L:A22X Aural Gear","Bool","Whether the landing-gear configuration aural is currently playing","READ","EVENT","NOT_RELEVANT","","Callout, tone, test or procedural aural. Not telemetry.","docs.synapticsim.com/pilots/simvars (github.com/synapticsim/docs @4abccfd, 2026-09-25)"
"Radio Interface Unit (RIU)","L:A22X Aural Runway Disagree","Bool","Whether the ""runway disagree"" surface-management aural is currently playing","READ","EVENT","NOT_RELEVANT","","Callout, tone, test or procedural aural. Not telemetry.","docs.synapticsim.com/pilots/simvars (github.com/synapticsim/docs @4abccfd, 2026-09-25)"
"Radio Interface Unit (RIU)","L:A22X Aural Emergency Evac","Bool","Whether the emergency-evacuation aural is currently playing","READ","EVENT","NOT_RELEVANT","","Callout, tone, test or procedural aural. Not telemetry.","docs.synapticsim.com/pilots/simvars (github.com/synapticsim/docs @4abccfd, 2026-09-25)"
"Radio Interface Unit (RIU)","L:A22X Aural Priority Left","Bool","Whether the ""priority left"" sidestick-priority aural is currently playing","READ","EVENT","APPLICATION_SPECIFIC","GAP G-A2 CockpitEvent (aural)","Flight-safety aural; a scoring application could use it. No FSGAP contract.","docs.synapticsim.com/pilots/simvars (github.com/synapticsim/docs @4abccfd, 2026-09-25)"
"Radio Interface Unit (RIU)","L:A22X Aural Priority Right","Bool","Whether the ""priority right"" sidestick-priority aural is currently playing","READ","EVENT","APPLICATION_SPECIFIC","GAP G-A2 CockpitEvent (aural)","Flight-safety aural; a scoring application could use it. No FSGAP contract.","docs.synapticsim.com/pilots/simvars (github.com/synapticsim/docs @4abccfd, 2026-09-25)"
"Radio Interface Unit (RIU)","L:A22X Aural V1","Bool","Whether the ""V1"" takeoff callout aural is currently playing","READ","EVENT","NOT_RELEVANT","","Callout, tone, test or procedural aural. Not telemetry.","docs.synapticsim.com/pilots/simvars (github.com/synapticsim/docs @4abccfd, 2026-09-25)"
"Radio Interface Unit (RIU)","L:A22X Aural Trim Timeout","Bool","Whether the trim-timeout aural is currently playing","READ","EVENT","NOT_RELEVANT","","Callout, tone, test or procedural aural. Not telemetry.","docs.synapticsim.com/pilots/simvars (github.com/synapticsim/docs @4abccfd, 2026-09-25)"
"Radio Interface Unit (RIU)","L:A22X Aural Selcal","Bool","Whether the SELCAL chime aural is currently playing","READ","EVENT","NOT_RELEVANT","","Callout, tone, test or procedural aural. Not telemetry.","docs.synapticsim.com/pilots/simvars (github.com/synapticsim/docs @4abccfd, 2026-09-25)"
"Radio Interface Unit (RIU)","L:A22X Aural Thrust Lever","Bool","Whether the ""thrust lever not at idle"" aural is currently playing","READ","EVENT","NOT_RELEVANT","","Callout, tone, test or procedural aural. Not telemetry.","docs.synapticsim.com/pilots/simvars (github.com/synapticsim/docs @4abccfd, 2026-09-25)"
"Radio Interface Unit (RIU)","L:A22X Aural Warning Test 1","Bool","Whether aural warning self-test tone 1 is currently playing","READ","EVENT","NOT_RELEVANT","","Callout, tone, test or procedural aural. Not telemetry.","docs.synapticsim.com/pilots/simvars (github.com/synapticsim/docs @4abccfd, 2026-09-25)"
"Radio Interface Unit (RIU)","L:A22X Aural Warning Test 2","Bool","Whether aural warning self-test tone 2 is currently playing","READ","EVENT","NOT_RELEVANT","","Callout, tone, test or procedural aural. Not telemetry.","docs.synapticsim.com/pilots/simvars (github.com/synapticsim/docs @4abccfd, 2026-09-25)"
"Simulation / World Environment","L:A22X Flight Stage","Enum","Reads the current/previous flight stage (Hangar/Taxi/Apron/Runway/Climb/Cruise/Approach/Final) used to drive initial-state and phase-dependent logic","READ","ACTUAL_SYSTEM_STATE","DIAGNOSTIC_ONLY","","Aircraft-internal flight stage used for initial state. Useful to cross-check, never a source of truth for an application.","docs.synapticsim.com/pilots/simvars (github.com/synapticsim/docs @4abccfd, 2026-09-25)"
